title,image,start_date,end_date,location,tags,price,url
ASCOL Hackfest 2025: Where Ideas Meet Innovation,https://utfs.io/f/XwQF9HrqwfTjTz3I1S0a6ciKvXzrYlSyhNqbJoQ9Eke7VCtj,Fri Sep 12 2025,Sat Sep 20 2025,TU Central Library,"{Tech, Cybersecurity, Education, Environment, Sustainability, Health, Engineering, Ai, Free}",Free,https://bit.ly/ascolhackfest
Daydream Biratnagar 2025: Nepals Biggest Teen Hackathon,https://utfs.io/f/XwQF9HrqwfTja11U1UE4HWerXFAqQY8hvoVuwTfGD2spZ3d5,Sun Sep 28 2025,,"Biratnagar, Nepal","{Tech, Local, Community, Networking, Free, Gaming, Ai, Web}",Free,https://arnikohackclub.com/
Hack for Impact 2025,https://utfs.io/f/XwQF9HrqwfTjfuWDbAUX4hNxKH0Sdo1R7QJzgq8UmunyGVbs,Sun Oct 12 2025,Mon Oct 13 2025,Sunway College Kathmandu,"{Community, Ai, Health, Tech, Sustainability, Engineering, Environment, Free, Education}",Free,https://cair-nepal.org/events/event/hack-for-impact-2025/
ARIBT Tilottama Hackathon 2025,https://utfs.io/f/XwQF9HrqwfTjNghvyPixLu294R05jGOUXEzDfb8C6sghvIHr,Tue Sep 09 2025,Thu Sep 11 2025,"Aayam Global School Building, Tilottama","{Tech, Community, Networking, Robotics, Ai, Web, Blockchain}",Rs. 3500 Per Team,https://e-aribt.com/Hackathon
Career Levelup: Resume  LinkedIn,https://utfs.io/f/XwQF9HrqwfTjamrdX8E4HWerXFAqQY8hvoVuwTfGD2spZ3d5,Wed Sep 10 2025,,Google Meet,"{Tech, Community, Networking, Online, Education, Free}",Free,https://forms.gle/egtyYcJKUPCNh9WL7
Kickstart to Big Data  AI,https://utfs.io/f/XwQF9HrqwfTjzVvNHWsR0Te9sDf1GFIpEYo4mvtQcHhJ5Rui,Sat Sep 13 2025,Sun Sep 14 2025,Online,"{Ai, Data Analysis, Education, Online, Free, Tech}",Free,https://events.teams.microsoft.com/event/5af86390-1997-4fff-a656-a4e8ba42ec50@af1fc03e-1b69-4c09-8f9a-d09e5e1dbe9f
National AI Summit 2025,https://utfs.io/f/XwQF9HrqwfTjf0MVLmUX4hNxKH0Sdo1R7QJzgq8UmunyGVbs,Mon Sep 15 2025,,"C.V. Raman Hall, Kathmandu University Central Campus","{Ai, Tech, Robotics, Community, Local, Networking}",Rs 250  350,https://forms.gle/yPFNatTmr5XmPFVS6
AWS Fellowship Cohort 2.0,https://utfs.io/f/XwQF9HrqwfTjScmUrrtnxzUmqZ01vVQLFAdYJ5j4erwPaIEB,Wed Sep 17 2025,Fri Oct 17 2025,Virtual,"{Tech, Education, Community, Online, Free, Devops, Web}",Free,https://www.meetup.com/aws-cloud-club-at-tribhuvan-university/events/310829821/
VS Code Dev Days  Nepal,https://utfs.io/f/XwQF9HrqwfTjvwTAMMXmEuzhkQvb8SyT1LZ26MnCD5xqGNtF,Sat Sep 20 2025,,"NCIT, Balkumari Lalitpur","{Ai, Tech, Community, Local, Education, Web}",Free,https://luma.com/ixr0r6tm
Obstetric Ultrasound AI Hackathon,https://utfs.io/f/XwQF9HrqwfTjhPotLT7tNXzawdxuByIObAlCLS870jUhemKF,Thu Nov 06 2025,Fri Nov 07 2025,"Kampala, Uganda","{Ai, Health, Online, Hybrid, Global, Education, Community, Local, Sustainability}",Free,https://forms.gle/ttRJdqc7GtE48Rui8
CyberUtsav 2.0,https://utfs.io/f/XwQF9HrqwfTj0v8XbG5bn4gdxRqZ5tYm9soLAPrQiHFO3hBE,Wed Aug 27 2025,Sun Sep 14 2025,"Kathmandu, Pokhara, Chitwan, Itahari","{Tech, Community, Web, Free, Ai, Networking, Volunteering, Graphic Design, Mobile Development, Blockchain}",Free,https://www.cyberutsav.com/
AWS Student Community Day Nepal  2025,https://utfs.io/f/XwQF9HrqwfTjGNumPa2U8RQKEPWNIu1lSLryzmFfCvY0ghn2,Sat Nov 15 2025,,"Advanced College of Engineering and Management, Kalanki","{Tech, Ai, Blockchain, Cybersecurity, Community, Networking, Free, Local, Devops}",Free,https://www.meetup.com/aws-cloud-club-at-tribhuvan-university/events/310674609/
OpenAI Open Model Hackathon,https://utfs.io/f/XwQF9HrqwfTjVNDgDaQ37Yns0CP4k2JbBwW5KlE1gyraTe8m,Tue Aug 05 2025,Thu Sep 11 2025,Devpost,"{Ai, Robotics, Online, Global, Tech, Web, Community, Sustainability}",Free,https://openai.devpost.com/
AIAssisted Disease Screening  HandsOn Bootcamp and HealthHack 2025,https://utfs.io/f/XwQF9HrqwfTjmkmqnT4W6sSABi9xU75bOMJXyZLjGwT2DQpk,Fri Aug 15 2025,Fri Sep 12 2025,"BP Eye Foundation, Madhyapur Thimi","{Ai, Health, Engineering, Hybrid, Free, Tech, Community, Education}",Free,https://docs.google.com/forms/d/e/1FAIpQLScmr7BLPFUWz7JPRjidEL--2d157k_X3zkkWL2rjKew6Y9-EA/viewform
Design Bootcamp,https://utfs.io/f/XwQF9HrqwfTj2FiS9mxqXSxzpiTehQKu0HEgl753DdLZ1jWY,Mon Aug 18 2025,Fri Oct 31 2025,"Sanepa, Lalitpur","{Graphic Design, Marketing, Hybrid, Free, Education, Community}",Free,https://southern-tungsten-42b.notion.site/Design-Bootcamp-23fdc186f33e8057a610ef86c1d0419c
Youth Hackathon 2025,https://utfs.io/f/XwQF9HrqwfTjkisjCcJDeWApaoNh4nQMRr1SgUKVyqxj8Lud,Tue Aug 19 2025,Fri Sep 12 2025,"Cartagena, Colombia","{Ai, Education, Tech, Online, Global, Free, Community, Engineering, Sustainability}",Free,https://www.unesco.org/en/weeks/media-information-literacy/youth-hackathon-2025
Blockchain  Sui Bootcamp,https://utfs.io/f/XwQF9HrqwfTjtZoY5Xf9humZ1o6f2ydkLXsJFI7xa5zqcRWM,Wed Aug 27 2025,Wed Sep 10 2025,Kathmandu University,"{Blockchain, Education, Networking, Tech, Web, Community}",Free,https://forms.gle/oTvJnjeXgq7WR4D39
MATLAB for Researchers: Symbolic Math and Simulink Basics,https://utfs.io/f/XwQF9HrqwfTjp6zkquOiayJ85c3eUGqxIFpkmMQhZTKltsH6,Sat Sep 06 2025,Wed Sep 10 2025,Online via Microsoft Teams/Zoom,"{Tech, Online, Education, Engineering, Free, Ai, Data Analysis}",Free,https://forms.gle/HWBdGKaUWznbiBrFA
AI  ML: Future in AI,https://utfs.io/f/XwQF9HrqwfTjZKaiM91hpMIPs6uRvbctfj2E4wQqJ9rzLohU,Sun Sep 07 2025,,Online,"{Ai, Tech, Community, Online, Free, Education}",Free,https://tinyurl.com/registerforaidaj
AI Talk Series 003: Building Trustworthy AI Together in Nepal,https://utfs.io/f/XwQF9HrqwfTjf7noIeUX4hNxKH0Sdo1R7QJzgq8UmunyGVbs,Sun Sep 07 2025,,"LogPoint Nepal, Pulchowk,","{Ai, Tech, Community, Local, Networking}",Rs. 350,https://tiny.cc/aian
1Day Project Management Session,https://utfs.io/f/XwQF9HrqwfTjcrXthugvgyrSYbhN31O5ZCtUn9pqf7jLWPRB,Fri Sep 05 2025,,Google Meet,"{Networking, Tech, Online, Free, Community, Education}",Free,https://forms.gle/h4dNGHUKF6R1pTrf9
LICT Hackathon,https://utfs.io/f/XwQF9HrqwfTjG6ewKE2U8RQKEPWNIu1lSLryzmFfCvY0ghn2,Mon Sep 01 2025,Wed Sep 03 2025,"Lumbini ICT Campus, Gaidakot, Nawalpur","{Tech, Education, Web, Community, Ai, Blockchain, Graphic Design, Mobile Development, Robotics, Environment}",Rs. 500/Person,https://www.lumbiniictclub.com/
Nepal Cloud Meetup  August 2025 Edition,https://utfs.io/f/XwQF9HrqwfTjffG5L7UX4hNxKH0Sdo1R7QJzgq8UmunyGVbs,Sat Aug 30 2025,,Microsoft Teams,"{Tech, Education, Online, Devops, Web, Community, Ai, Networking}",Free,https://www.meetup.com/nepalcloudpro/events/308544239/
UbuCon Asia 2025,https://utfs.io/f/XwQF9HrqwfTjmXVvJF4W6sSABi9xU75bOMJXyZLjGwT2DQpk,Sat Aug 30 2025,Mon Sep 01 2025,"St. Xaviers College, Maitighar, Kathmandu","{Tech, Engineering, Community, Networking}",Rs 2000  3500,https://2025.ubucon.asia/
PitchFest 1.0,https://utfs.io/f/XwQF9HrqwfTjlJiZuwF8mvMGw6BYSlLxnTaruOVzIR54dJqf,Sat Aug 30 2025,,Biratnagar,"{Startup, Local, Entrepreneurship, Community, Networking, Tech, Pitching, Marketing}",Free,https://pitchfest.cniyefkoshi.org/
UI/UX Competition,https://utfs.io/f/XwQF9HrqwfTjX3gTberqwfTjOsybvlkWM2S8QnHuDRZ3pa17,Thu Aug 28 2025,Fri Aug 29 2025,"Acme Engineering College, Basundhara, Kathmandu","{Graphic Design, Art, Tech, Community}",Rs 500,https://docs.google.com/forms/d/e/1FAIpQLScMQvIAYwnNoCe3uBzPtFZpMdAqCcQfurSNeBxZsjw3feJMPA/viewform
Tech Kura Kani 27: Adventures in Vibe Coding,https://utfs.io/f/XwQF9HrqwfTjGmqJa42U8RQKEPWNIu1lSLryzmFfCvY0ghn2,Thu Aug 28 2025,,"Naxal, Kathmandu","{Tech, Ai, Community, Local, Web, Networking, Free}",Free,https://lu.ma/bzejw5fp
ACIT TechFest 2.0 Project Exhibition,https://utfs.io/f/XwQF9HrqwfTjkbgllQJDeWApaoNh4nQMRr1SgUKVyqxj8Lud,Thu Aug 28 2025,Fri Aug 29 2025,"Acme Engineering College, Basundhara, Kathmandu","{Tech, Engineering, Local, Education}","2: Rs 1000, Bachelor: Rs 1500",https://clik.now/j9b5
ACIT Tech Fest 2.0 Hackathon,https://utfs.io/f/XwQF9HrqwfTjMtDErimmqc0aAIhY7XHU5slLe19DupwNE4zS,Thu Aug 28 2025,Fri Aug 29 2025,"Acme Engineering College, Basundhara","{Tech, Engineering, Community, Ai, Robotics, Health, Web, Sustainability, Graphic Design, Education}",Rs 1500/Team,https://forms.gle/jcmZn8WvoayY9CUx7
Secure Your Web Apps with AWS WAF,https://utfs.io/f/XwQF9HrqwfTjUgLHxEBI6CfPhcdEWGKAjNrFl9nbyR3Vo5pw,Thu Aug 28 2025,,Online,"{Tech, Web, Community, Cybersecurity, Devops, Networking, Online, Free}",Free,https://shorturl.at/uWXvj
Code Carnival 2025,https://utfs.io/f/XwQF9HrqwfTj5mDE9387zFA9fGIpYj6N1DReMoXqtC4TaSLn,Wed Aug 27 2025,Fri Aug 29 2025,"Techspire College, New Baneshwor","{Tech, Local, Education, Networking, Pitching, Free}",Free,https://forms.gle/fYgnM2RxXisS5Z8n9
Figma Handson: From Design Thinking to Designing in Figma,https://utfs.io/f/XwQF9HrqwfTjU2NHmIQBI6CfPhcdEWGKAjNrFl9nbyR3Vo5p,Sun Aug 24 2025,,Online,"{Graphic Design, Online, Free, Education, Web, Community, Tech}",Free,https://forms.gle/USvomtjwKkuwBuax8
cTENcf Birthday Bash Kathmandu,https://utfs.io/f/XwQF9HrqwfTjkHOOB6JDeWApaoNh4nQMRr1SgUKVyqxj8Lud,Sun Aug 24 2025,,"Presidential Graduate School, Kathmandu","{Tech, Community, Networking, Local, Free, Devops}",Free,https://qrfy.io/2ZkqDaERcU
AI/ML MicroDegree,https://utfs.io/f/XwQF9HrqwfTjcrSyqXSvgyrSYbhN31O5ZCtUn9pqf7jLWPRB,Sat Aug 23 2025,,Online,"{Ai, Tech, Community, Education, Online}",Free,https://forms.gle/tkVoM9RvvnkafFY99
Google I/O Extended Lite Kathmandu 2025,https://utfs.io/f/XwQF9HrqwfTj4lak3uxbfJtwHeACUaQEVR6YyujiW1mxXM53,Sat Aug 23 2025,,"IIMS College, Naxal","{Tech, Web, Ai, Community, Networking, Local}","Student: 600, Professionals: 800",https://gdg.community.dev/gdg-kathmandu/
Getting Started with Linux,https://utfs.io/f/XwQF9HrqwfTjqMk8wtvlVfZr87osAYxu4HDlmvSQOMPceR3J,Sat Aug 23 2025,,Google Meet,"{Tech, Community, Online, Free, Devops, Education}",Free,https://forms.gle/TMhZSknSmNASoJAQA
AI Safety MeetUp Nepal,https://utfs.io/f/XwQF9HrqwfTj7J6b01KeYTiransNmUq72W3HfxwkpM6Q1yGC,Sat Aug 23 2025,,"Basera Boutique Hotel, Kathmandu","{Ai, Community, Networking, Tech, Local, Free}",Free,https://lu.ma/aisafety-nepal
KMC GlitchVerse,https://utfs.io/f/XwQF9HrqwfTj8FocTIgq6t3vKOapAV4gmHXFkCS1d0zZBGrU,Wed Aug 20 2025,Fri Aug 22 2025,"Kathmandu Model College, Bagbazar","{Tech, Community, Education, Gaming, Local}",Free,https://www.facebook.com/photo?fbid=1181641070665792
Building The Future : Generative AI  CloudFormation on AWS,https://utfs.io/f/XwQF9HrqwfTjzXcVA4R0Te9sDf1GFIpEYo4mvtQcHhJ5Ruiz,Wed Aug 20 2025,,"Chamber of Industries Morang, Biratnagar","{Ai, Tech, Community, Online, Local, Education}",Free,https://shorturl.at/h4W10
ANAIS2025 Student Ambassador Program,https://utfs.io/f/XwQF9HrqwfTj67VYMoHZr3PxUHnYM1ELDCImp5JSNdOAWj08,Wed Aug 20 2025,,Nepal,"{Ai, Community, Education, Networking, Online, Tech}",Free,https://docs.google.com/forms/d/1GZQ40-zScT2UfecTbkKtfftGgyy_nGkeEaKMobsNEgk/viewform?edit_requested=true
Open Source Success: Beginner to Pro,https://utfs.io/f/XwQF9HrqwfTjad6bZE4HWerXFAqQY8hvoVuwTfGD2spZ3d5i,Tue Aug 19 2025,,Google Meet,"{Tech, Devops, Community, Education, Online, Free}",Free,https://forms.gle/3VtiS56548YJRRi49
"Startup Landscape of Nepal: Opportunities, Challenges  Growth Paths",https://utfs.io/f/XwQF9HrqwfTjmtuWHL4W6sSABi9xU75bOMJXyZLjGwT2DQpk,Sun Aug 17 2025,,Google Meet,"{Startup, Entrepreneurship, Business, Networking, Tech, Online, Local}",Free,https://docs.google.com/forms/d/e/1FAIpQLSfvCLL-xT5pZHndQpG5Ack6TQ88WuywmgtMbvc8gM_iP4s_PQ/viewform
NEPALUS AI HACKATHON,https://utfs.io/f/XwQF9HrqwfTjn3bRiuaYW3R9LCEytg0MvVOUz5xklSpBhuif,Sun Aug 17 2025,Sun Aug 24 2025,U.S.,"{Ai, Tech, Community, Networking, Online, Engineering}",Free,https://www.nephacks.com/
Pentester Nepal 12th Anniversary,https://utfs.io/f/XwQF9HrqwfTjc9SNBevgyrSYbhN31O5ZCtUn9pqf7jLWPRBa,Sat Aug 16 2025,,"Ullens College, Lalitpur","{Community, Cybersecurity, Networking, Local, Free, Tech}",Free,https://forms.gle/mxW7DU8kUYut8GC16
AWS Fundamentals Workshop,https://utfs.io/f/XwQF9HrqwfTjt9MpAXf9humZ1o6f2ydkLXsJFI7xa5zqcRWM,Sat Aug 16 2025,,Khwopa Engineering College,"{Tech, Devops, Community, Education, Networking, Free}",Free,https://www.meetup.com/aws-cloud-club-at-tribhuvan-university/events/310449569
Meetup 49: From Ideas to Impact,https://utfs.io/f/XwQF9HrqwfTjlXNtj0F8mvMGw6BYSlLxnTaruOVzIR54dJqf,Sat Aug 16 2025,,"Vivanta Kathmandu, Jhamsikhel Road, Lalitpur","{Tech, Blockchain, Community, Networking, Local, Business}",Free,https://forms.gle/bLcXZ3CyhJV3VFjn8
PTN Capture the Flag,https://utfs.io/f/XwQF9HrqwfTjLHN8GUWjkBZY0Fdn9vwG5lJ23q4KUMAXQg6f,Sat Aug 16 2025,,Ullens College,"{Cybersecurity, Community, Tech, Networking, Physical}",Free,https://forms.gle/P7heeW298HurDvyp7
NCIT Tech Competition 2.0,https://utfs.io/f/XwQF9HrqwfTjSwxdLDtnxzUmqZ01vVQLFAdYJ5j4erwPaIEB,Fri Aug 15 2025,,NCIT,"{Tech, Education, Ai, Web, Graphic Design, Free, Community, Networking}",Free,https://techfest.ncit.edu.np/
Elevate Nepal: The Drone Showcase,https://utfs.io/f/XwQF9HrqwfTjBXM0XzGiDYa2Xd0614kqcyEjxzuFLrZpWTmw,Fri Aug 15 2025,Sat Aug 16 2025,"Hotel Himalaya, Kupondole, Lalitpur","{Tech, Engineering, Robotics, Local, Business, Networking}",Free,https://lu.ma/9pzy3yez
Programmers Unknown Battleground,https://utfs.io/f/XwQF9HrqwfTjCljMK8VUoNwVS69thjdRGMfYeBZskgPlxumD,Thu Aug 14 2025,Sat Aug 16 2025,"Birtamode, Jhapa","{Tech, Community, Local, Networking, Blockchain, Ai, Graphic Design, Web, Engineering}",Rs 2000/Team,https://forms.gle/94SFG48jZbweZzxu6
QODE  PLAY,https://utfs.io/f/XwQF9HrqwfTj9Q9XgdpGP3T2XwU7RnDdmhE5pOgste4LJiAN,Wed Aug 13 2025,,Google Meet,"{Ai, Tech, Community, Education, Free, Online, Gaming}",Free,https://www.meetup.com/aws-cloud-club-at-prithvi-narayan-campus/events/310210771/
Software Fellowship 2.0,https://utfs.io/f/XwQF9HrqwfTj4nKWU3xbfJtwHeACUaQEVR6YyujiW1mxXM53,Tue Aug 12 2025,Fri Aug 15 2025,Pulchowk,"{Tech, Free, Education, Web, Community, Devops}",Free,https://docs.google.com/forms/d/e/1FAIpQLSd69RMeec6vIrMqtw6FjzdC5Ktgf9xFKETrLM4TUKvRNkL4jg/viewform
Getting Started with AI Agents Workshop,https://utfs.io/f/XwQF9HrqwfTja9zMZgzE4HWerXFAqQY8hvoVuwTfGD2spZ3d,Mon Aug 11 2025,,"Kantipur Engineering College, Dhapakhel","{Ai, Tech, Community, Education, Free, Web}",Free,https://lu.ma/k4xsz4t9
Cybersecurity Unlocked Workshop,https://utfs.io/f/XwQF9HrqwfTjRdKDwbCQgcoIUd2JTBYPGf4NX1LjaH3h7syw,Sun Aug 10 2025,Fri Aug 15 2025,"Synthbit Technologies, Amarpath, Butwal","{Cybersecurity, Tech, Networking, Education, Community}",Rs. 200,https://forms.gle/ViTbes6SV85JeDcj9
CSITAN Networking Bootcamp 2082,https://utfs.io/f/XwQF9HrqwfTjfGqLSvgUX4hNxKH0Sdo1R7QJzgq8UmunyGVb,Sun Aug 10 2025,Tue Aug 12 2025,"Horizon Gautam Buddha School, Drivertole, Tilottama05","{Tech, Networking, Engineering, Education, Community, Physical}",Rs. 500,https://forms.gle/PfXRgU3QL35Xcqeh7
"Youth in Diplomacy, Foreign Policy  International Relations",https://utfs.io/f/XwQF9HrqwfTjgtS18fqbDA3xOh4e5b2aClskm19TuIMvEKiH,Sun Aug 10 2025,,"Singh Durbar, Kathmandu","{Community, Networking, Local}",Free,https://docs.google.com/forms/d/e/1FAIpQLScIVunRVOaiJ7_vWu0J94T-S3HGasVImlnJqphK1rTwZnwyhg/viewform
QTalk Series Ep 7,https://utfs.io/f/XwQF9HrqwfTjDIFp7tNtO4AHMNwciK5yB62C0pe7RgDqhrfb,Sat Aug 09 2025,,Zoom,"{Tech, Community, Online, Free, Education}",Free,https://qnepal.short.gy/qtalkE7
District Level Robotics Competition 2025,https://utfs.io/f/XwQF9HrqwfTjNMtyJzixLu294R05jGOUXEzDfb8C6sghvIHr,Fri Aug 08 2025,,"Siddhartha Cottage, Milan Chowk, Butwal","{Tech, Robotics, Engineering, Local, Community, Education}",NPR 1000 Per Team,https://forms.gle/b7uqRieHy5zSJie19
Presidential INNOVISTA 2025,https://utfs.io/f/XwQF9HrqwfTj0PjCzh5bn4gdxRqZ5tYm9soLAPrQiHFO3hBE,Thu Aug 07 2025,Sun Aug 10 2025,"Presidential Graduate School, New Baneshwor","{Tech, Ai, Robotics, Cybersecurity, Networking, Business, Free, Local, Engineering}",Free,https://forms.gle/eTLKdb1DfoKH2U9z7
WIEekly Connect EP 3,https://utfs.io/f/XwQF9HrqwfTjKEaOq1bn4OuWldSU7xfzNFRyPBJbVsiLXT2j,Thu Aug 07 2025,,Google Meet,"{Tech, Community, Networking, Online, Free, Engineering, Education}",Free,https://bit.ly/wieeklyconnect
Thrive Hackathon 2025,https://utfs.io/f/XwQF9HrqwfTjxnYlcBDtrn9F6XQ3SCPf2ysERecM4dw7jVzO,Thu Aug 07 2025,Fri Aug 08 2025,"Kathmandu, Nepal","{Tech, Community, Ai, Networking, Web, Robotics, Graphic Design, Mobile Development}",Free,https://forms.gle/BFRuK9fyiUhxk5Aj6
Data Science and AI Fellowship 2025/26,https://utfs.io/f/XwQF9HrqwfTjMpkHkKmmqc0aAIhY7XHU5slLe19DupwNE4zS,Wed Aug 06 2025,,Nepal,"{Ai, Data Analysis, Education, Networking, Free, Online}",Free,https://shorturl.at/199CG
IOT  Robotics Project Exhibition,https://utfs.io/f/XwQF9HrqwfTjnA9VesbaYW3R9LCEytg0MvVOUz5xklSpBhui,Sun Aug 03 2025,,"National Infotech College, Birgunj","{Tech, Engineering, Robotics, Local, Education, Community, Free}",Free,https://www.facebook.com/photo?fbid=1181823700651346
MATLAB and Simulink Workshop,https://utfs.io/f/XwQF9HrqwfTjpO5Dw0uOiayJ85c3eUGqxIFpkmMQhZTKltsH,Sun Aug 03 2025,Thu Aug 07 2025,Pulchowk Campus,"{Engineering, Robotics, Education, Tech, Community}",NRs. 200,https://docs.google.com/forms/d/e/1FAIpQLSfNpVijg3Ie8Hj1HuFxaTkLCkxEFTQXbs5HM6jneWYC0Pt63Q/viewform
AWS Fundamentals Workshop,https://utfs.io/f/XwQF9HrqwfTjGlmTCGQ2U8RQKEPWNIu1lSLryzmFfCvY0ghn,Sat Aug 02 2025,,"Nepal Commerce Campus, Minbhawan, Kathmandu","{Tech, Community, Networking, Free, Devops, Education}",Free,https://www.meetup.com/aws-cloud-club-at-tribhuvan-university/events/310189981
"Panel Discussion: Generative AI and the Future of Design, Product  Development",https://utfs.io/f/XwQF9HrqwfTj91rSdjwpGP3T2XwU7RnDdmhE5pOgste4LJiA,Sat Aug 02 2025,,"SecurityPal AI, Baluwatar","{Ai, Tech, Community, Free, Graphic Design, Art, Networking}",Free,https://www.linkedin.com/posts/friends-of-figma-kathmandu_our-guest-panelists-activity-7356288190397235201-M7jK/
5Day Session on Digital Marketing,https://utfs.io/f/XwQF9HrqwfTjeA5MsXyMnt8l59psZcYFHj6aU17iBJgVwSLC,Wed Jul 30 2025,Sun Aug 03 2025,Google Meet,"{Marketing, Online, Tech, Education, Community, Free}",Free,https://forms.gle/ZuZipzL9jar6QeSC6
Getting Started with AWS Cloud and Its Programs,https://utfs.io/f/XwQF9HrqwfTjiTgkTlO3oKd0cVfW2RqtDsHNP4wTX8YA6By9,Tue Jul 29 2025,,"Pulchowk Campus, Library Hall","{Tech, Community, Networking, Education, Engineering, Online}",Free,https://bit.ly/awscc-ioepul
Getting Started with Linux  Cybersecurity,https://utfs.io/f/XwQF9HrqwfTjGQU0Y62U8RQKEPWNIu1lSLryzmFfCvY0ghn2,Mon Jul 28 2025,Wed Jul 30 2025,Embark College,"{Tech, Cybersecurity, Free, Education, Community}",Free,https://l.facebook.com/l.php?u=https%3A%2F%2Fforms.gle%2FMehdKWJvGhxhdFoQA%3Ffbclid%3DIwZXh0bgNhZW0CMTAAYnJpZBExSEJuUFN4ZTJMWmNBaGVFNwEeMas75kg8xGPnsaBI3d74iW--EOIzPHkeGKbA6dRQn5IxxmeeXEI0Qo_BbbU_aem_OUALVdC0wgZfc9O76nN-Hg&h=AT31OOP8uyoVxlBNtAY-S5aj3A6njz76HQuG2JDMvIJUiVCaAQHs0LaLlNnEreYcKSWnekaiyZCZfPOw5ysxzJXtSJ3u-djBDPjgcFuZsEFWKU5EN6xFSDR7rkyR8XOF4Z2FFfRbBruQ_ie6&__tn__=-UK*F
ArcGIS Training for FutureReady Engineers,https://utfs.io/f/XwQF9HrqwfTjZfMg0EhpMIPs6uRvbctfj2E4wQqJ9rzLohUg,Mon Jul 28 2025,Sun Aug 03 2025,Google Meet,"{Engineering, Online, Education, Tech}",Rs 200250,https://forms.gle/s9cpK6LtCKLBNgfS7
QSilver28  Quantum Programming Workshop,https://utfs.io/f/XwQF9HrqwfTjU2FJpb7BI6CfPhcdEWGKAjNrFl9nbyR3Vo5p,Mon Jul 28 2025,Sat Aug 02 2025,"St. Xaviers College, Maitighar, Kathmandu, Nepal","{Tech, Education, Online, Hybrid, Global, Free, Engineering, Community}",Free,https://qnepal.short.gy/qsilver28
HandsOn DevOps: BUILD  DEPLOY  MONITOR,https://utfs.io/f/XwQF9HrqwfTj0qzYLS5bn4gdxRqZ5tYm9soLAPrQiHFO3hBE,Sun Jul 27 2025,Tue Jul 29 2025,Google Meet,"{Devops, Online, Free, Community, Education, Tech}",Free,https://qrfy.io/234nejwi5P
UI/UX Design Workshop,https://utfs.io/f/XwQF9HrqwfTjF44n6Q5MhOLcf4kR1AyQxHdrg57MiIWjnPBY,Sun Jul 27 2025,Sun Aug 17 2025,Google Meet,"{Tech, Graphic Design, Online, Free, Education}",Free,https://docs.google.com/forms/d/e/1FAIpQLScnzQqflJKCZZpNUFifnDLA9A0nZjdzqXUaPSqOSSAGfHvGuw/viewform
GIT  GITHUB SESSION,https://utfs.io/f/XwQF9HrqwfTjFfzHogMhOLcf4kR1AyQxHdrg57MiIWjnPBYS,Sat Jul 26 2025,,"Kharaayo Inc, Birtamode","{Tech, Online, Free, Community, Education}",Free,https://tinyurl.com/kharaayo-github
Nepal Cloud Meetup  July 2025,https://utfs.io/f/XwQF9HrqwfTjgtlkoPUbDA3xOh4e5b2aClskm19TuIMvEKiH,Sat Jul 26 2025,,Microsoft Teams,"{Tech, Education, Free, Devops, Ai, Community, Online}",Free,https://www.meetup.com/nepalcloudpro/events/307304061/
9Day Node.js  MongoDB Workshop,https://utfs.io/f/XwQF9HrqwfTjAIxuKp9Pxpj6kOt1bgVCRDLuhlGdofnWyvIN,Sat Jul 26 2025,Sun Aug 03 2025,Online,"{Web, Tech, Devops, Free, Online, Education}",Free,https://forms.gle/BjJe6bV5JbDDKFqY6
Cloud One 0 One,https://utfs.io/f/XwQF9HrqwfTjFRbPA6MhOLcf4kR1AyQxHdrg57MiIWjnPBYS,Sat Jul 26 2025,,Google Meet,"{Tech, Community, Education, Networking, Free, Online}",Free,https://meet.google.com/txa-mnyd-qix
Code Your Future  Workshop,https://utfs.io/f/XwQF9HrqwfTjtgWPbjf9humZ1o6f2ydkLXsJFI7xa5zqcRWM,Sat Jul 26 2025,Fri Aug 01 2025,Google Meet,"{Tech, Web, Devops, Community, Local, Education, Networking, Free, Online}",Free,https://docs.google.com/forms/d/e/1FAIpQLSfJjc4WzRUZo6Z8mJ8pFTTNnbWFkcKr66mBGOggU88lZeP_UQ/viewform
DAV Codefest 2025,https://utfs.io/f/XwQF9HrqwfTjzFAeTPR0Te9sDf1GFIpEYo4mvtQcHhJ5Ruiz,Fri Jul 25 2025,Sun Jul 27 2025,"D.A.V. College, Jawalakhel Lalitpur, Nepal","{Tech, Health, Networking, Community, Ai, Web}",Free,https://codefest.davcollege.edu.np/
Doodles to Deadlines: Navigating Your Creative Career,https://utfs.io/f/XwQF9HrqwfTjpwp0WxuOiayJ85c3eUGqxIFpkmMQhZTKltsH,Wed Jul 23 2025,,Google Meet,"{Graphic Design, Online, Community, Networking, Free, Tech, Art}",Free,https://forms.gle/ziqEmebMYqqapx5c7
Design Thinking: Mastering Discovery and Design,https://utfs.io/f/XwQF9HrqwfTjqUDr1TlVfZr87osAYxu4HDlmvSQOMPceR3Jh,Tue Jul 22 2025,,Google Meet,"{Tech, Community, Online, Networking, Engineering, Education}",Free,https://bit.ly/4kFwU5r
Mapping Your Tech Journey with Project Management,https://utfs.io/f/XwQF9HrqwfTj0SG4zq5bn4gdxRqZ5tYm9soLAPrQiHFO3hBE,Tue Jul 22 2025,,Kantipur Engineering College KEC,"{Tech, Community, Education, Networking}",Free,https://lu.ma/frtlvrio
HTML CSS WORKSHOP,https://utfs.io/f/XwQF9HrqwfTjfvmQ14UX4hNxKH0Sdo1R7QJzgq8UmunyGVbs,Sun Jul 20 2025,,"CSIT BLOCK, Patan Multiple Campus","{Web, Tech, Education, Free, Online, Community}",Free,https://forms.gle/3b7rNyNtpwEPyX7n7
Technomorph Hackathon,https://utfs.io/f/XwQF9HrqwfTjf1Lg4gUX4hNxKH0Sdo1R7QJzgq8UmunyGVbs,Sat Jul 19 2025,,"FSU Hall, Purwanchal Campus","{Tech, Engineering, Robotics, Local, Community}",Free,https://tinyurl.com/technomorphHackathon
IEEE Cubing Nepal 2025,https://utfs.io/f/XwQF9HrqwfTjhzFSy87tNXzawdxuByIObAlCLS870jUhemKF,Sat Jul 19 2025,Sun Jul 20 2025,"Pulchowk Campus, Lalitpur, Nepal","{Community, Local, Gaming}",Rs 350,https://www.worldcubeassociation.org/competitions/IEEECubingNepal2025
Cyber Security  Ethical Hacking Online Workshop,https://utfs.io/f/XwQF9HrqwfTj91yz6sapGP3T2XwU7RnDdmhE5pOgste4LJiA,Sat Jul 19 2025,Sun Jul 20 2025,Online,"{Cybersecurity, Tech, Education, Online, Free, Community}",Free,https://meet.google.com/qcs-kaxd-scc
Aqore Hackathon 2025: Innovate Staffing with AI,https://utfs.io/f/XwQF9HrqwfTjSELCX5tnxzUmqZ01vVQLFAdYJ5j4erwPaIEB,Sat Jul 19 2025,Sun Jul 20 2025,"Techspire College, Kathmandu","{Ai, Tech, Business, Networking, Startup, Free}",Free,https://www.aqore.com.np/aqore-hackathon-2025/
Git Ready: Take Care of Your Code,https://utfs.io/f/XwQF9HrqwfTjv5UvJmXmEuzhkQvb8SyT1LZ26MnCD5xqGNtF,Sat Jul 19 2025,,Google Meet,"{Tech, Community, Free, Online, Education, Web, Devops}",Free,https://tinyurl.com/Regstration-Form
Computer Vision Workshop,https://utfs.io/f/XwQF9HrqwfTjMiV7gvmmqc0aAIhY7XHU5slLe19DupwNE4zS,Fri Jul 18 2025,,Sagarmatha Engineering College,"{Tech, Ai, Engineering, Education, Community, Robotics, Free}",Free,https://shorturl.at/qB3bA
CloudNative Development: Accelerating Delivery with AWS,https://utfs.io/f/XwQF9HrqwfTjF4iG5suMhOLcf4kR1AyQxHdrg57MiIWjnPBY,Wed Jul 16 2025,,Google Meet,"{Tech, Devops, Community, Online, Engineering}",Free,https://forms.gle/NxpbCHptKLHCWjsGA
MODEL FORGE EP 3 : Information Theory,https://utfs.io/f/XwQF9HrqwfTjCy4xUkVUoNwVS69thjdRGMfYeBZskgPlxumD,Tue Jul 15 2025,,Google Meet,"{Ai, Tech, Online, Education, Free, Community}",Free,https://forms.gle/qqe9o8zsP2mTuJ3c6
Software Fellowship 2026,https://utfs.io/f/XwQF9HrqwfTjKZWqD4n4OuWldSU7xfzNFRyPBJbVsiLXT2jq,Tue Jul 15 2025,Thu Jul 24 2025,Pulchowk Campus,"{Tech, Web, Ai, Cybersecurity, Data Analysis, Networking, Engineering, Community, Education}",NRs. 250,https://forms.gle/v4AFY3qGW37eRWSE7
"Bug Bounty 101: Hack, Hunt, Secure",https://utfs.io/f/XwQF9HrqwfTjQFzZFhjcrSdfDstpM8NqXgEyn4ujm1ZekGF5,Sat Jul 12 2025,Sun Jul 13 2025,Google Meet,"{Cybersecurity, Tech, Online, Free}",Free,https://forms.gle/ENw8btCqRdifC1a66
DeerHack 2025,https://utfs.io/f/XwQF9HrqwfTjty7xlcf9humZ1o6f2ydkLXsJFI7xa5zqcRWM,Fri Jul 11 2025,Sun Jul 13 2025,"Deerwalk Complex, Kathmandu, Nepal","{Ai, Web, Tech, Blockchain, Engineering, Robotics, Community, Education, Networking, Free}",Free,https://deerhack.deerwalk.edu.np/
Hack a Flag  All Nepal CTF Contest,https://utfs.io/f/XwQF9HrqwfTjGL7jwI2U8RQKEPWNIu1lSLryzmFfCvY0ghn2,Fri Jul 11 2025,,Pulchowk Campus,"{Tech, Cybersecurity, Community, Networking, Education, Engineering}","Early Bird: 3500, IEEE: 2500",https://bit.ly/HackAFlag
2Day Online Workshop on Devops,https://utfs.io/f/XwQF9HrqwfTjip0fxbO3oKd0cVfW2RqtDsHNP4wTX8YA6By9,Thu Jul 10 2025,Fri Jul 11 2025,Google Meet,"{Tech, Devops, Online, Education, Community, Web}",Free,https://bit.ly/4lb4Xn3
Turboline x IIMS Hackathon 2025,https://utfs.io/f/XwQF9HrqwfTjmGyJd84W6sSABi9xU75bOMJXyZLjGwT2DQpk,Thu Jul 10 2025,Sat Jul 12 2025,"Kathmandu, Nepal","{Ai, Tech, Networking, Hybrid, Global, Engineering}",Rs 5000/ Team,https://docs.google.com/forms/d/e/1FAIpQLSfSC5wnL9i7JaM857-qAbGAjCCfk_NwIrDve-pjmjlHqMijyw/viewform
"AI, Data  NEPSE  How Tech is Transforming Finance",https://utfs.io/f/XwQF9HrqwfTjfGikQbmUX4hNxKH0Sdo1R7QJzgq8UmunyGVb,Wed Jul 09 2025,,Google Meet,"{Ai, Business, Online, Education, Community, Tech}",Free,https://forms.gle/vSorSFZa8ppC22PW8
Hacking for Empowered Women,https://utfs.io/f/XwQF9HrqwfTjrkn347LSOglbE0LkcT5DUmj1FNHwf9y3qRud,Wed Jul 09 2025,Fri Jul 11 2025,Selected Teams will be Invited,"{Tech, Community, Health, Culture, Free, Education, Mobile Development, Networking}",Free,https://forms.gle/JhPBSF22nrojarYv7
Prompt Engineering Workshop,https://utfs.io/f/XwQF9HrqwfTjltGfniF8mvMGw6BYSlLxnTaruOVzIR54dJqf,Mon Jul 07 2025,,Google Meet,"{Ai, Tech, Engineering, Online, Free, Education, Community}",Free,https://bit.ly/3TO3eb9
Battle for Speed 2025,https://utfs.io/f/XwQF9HrqwfTj8SUbTNZgq6t3vKOapAV4gmHXFkCS1d0zZBGr,Sun Jul 06 2025,,"Auditorium Hall, WRC","{Tech, Robotics, Local}",Free,https://forms.gle/r84fy8hPbePycTty7
Quantum   Episode 02,https://utfs.io/f/XwQF9HrqwfTjtBFKVyVf9humZ1o6f2ydkLXsJFI7xa5zqcRW,Sat Jul 05 2025,,Microsoft Teams,"{Ai, Tech, Engineering, Education, Online, Free}",Free,https://forms.gle/p6nYrqppjZbxRSK68
Beyond2: The Cosmos Hackathon,https://utfs.io/f/XwQF9HrqwfTj6l0iE5Zr3PxUHnYM1ELDCImp5JSNdOAWj08B,Fri Jul 04 2025,Sat Jul 05 2025,"Cosmos College of Management and Technology, Lalitpur","{Tech, Community, Education, Networking, Free}",Free,https://forms.gle/SwB59xZQrNbgAPk1A
QTalk Series 2025  Ep 6,https://utfs.io/f/XwQF9HrqwfTjiLDP8tO3oKd0cVfW2RqtDsHNP4wTX8YA6By9,Fri Jul 04 2025,,Zoom,"{Tech, Online, Community, Education}",Free,https://qnepal.short.gy/qtalkE6
IEEE CTF MASTERCLASS: The Mentorship Session,https://utfs.io/f/XwQF9HrqwfTj6GhF24Zr3PxUHnYM1ELDCImp5JSNdOAWj08B,Thu Jul 03 2025,,"Library Hall, Pulchowk Campus","{Cybersecurity, Engineering, Local, Free, Online, Tech, Networking}",Rs 60,https://docs.google.com/forms/d/e/1FAIpQLScz7ZgzF--ONqZO_12GAp_F4qdJt0BCniZO1SFSuQBndDQpWA/viewform
Pioneering Safe Cyberspace: Bridging Technology and Light for Security,https://utfs.io/f/XwQF9HrqwfTjBqJYd4aGiDYa2Xd0614kqcyEjxzuFLrZpWTm,Thu Jul 03 2025,,"Embark College, Pulchowk","{Cybersecurity, Tech, Community, Engineering, Free, Local, Education, Networking}",Free,https://bit.ly/pul_wie_day
INGENIUM 2025,https://utfs.io/f/XwQF9HrqwfTjckDsdtvgyrSYbhN31O5ZCtUn9pqf7jLWPRBa,Thu Jul 03 2025,,Nepal Engineering College,"{Engineering, Tech, Robotics, Education, Free, Community, Networking}",Free,https://nec.edu.np/ingenium
7 days Workshop on SolidWorks,https://utfs.io/f/XwQF9HrqwfTj9aC5AEpGP3T2XwU7RnDdmhE5pOgste4LJiAN,Thu Jul 03 2025,Wed Jul 09 2025,"DMAE, Pulchwok Campus","{Engineering, Robotics, Tech, Education, Community}",Rs 300,https://forms.gle/ygbQZgSKEspL5ry59
Coding Challenge For Girls,https://utfs.io/f/XwQF9HrqwfTjkIK6DsXJDeWApaoNh4nQMRr1SgUKVyqxj8Lu,Wed Jul 02 2025,,"Hotel Palm International, Milanchowk, Butwal9, Rupandehi, Nepal","{Tech, Local, Community, Education, Networking, Free}",Free,https://docs.google.com/forms/d/e/1FAIpQLSe2ddaxPUV996uBMFUdl8fltWGRiQM0cS9fGNYWAnWDcSJeyg/viewform
CodeSprint Hackathon,https://utfs.io/f/XwQF9HrqwfTjEbChZBA7VSHYTlhIxgK5QmPNo9qEk6c8z3jp,Tue Jul 01 2025,,Nepal Engineering College,"{Tech, Engineering, Networking, Ai, Web, Blockchain, Community}",Free,https://nec.edu.np/ingenium
Qloo LLM Hackathon,https://utfs.io/f/XwQF9HrqwfTjZguGAahpMIPs6uRvbctfj2E4wQqJ9rzLohUg,Tue Jul 01 2025,Fri Aug 01 2025,Devpost,"{Ai, Tech, Online, Global, Web, Community}",Free,https://qloo-hackathon.devpost.com/
LaTeX Workshop 2025,https://utfs.io/f/XwQF9HrqwfTjbjB7BwSQnULGupAtgZ8vCorJ6S92NKz7hVBl,Sun Jun 29 2025,Tue Jul 01 2025,Pulchowk Campus,"{Tech, Education, Literature, Engineering, Community}",Rs 100 Refundable,https://forms.gle/udKbSmiG1d433mXX9
Improve Workplace Efficiency Using AI,https://utfs.io/f/XwQF9HrqwfTjSKBPwutnxzUmqZ01vVQLFAdYJ5j4erwPaIEB,Sat Jun 28 2025,,Google Meet,"{Ai, Tech, Education, Business, Online, Hybrid, Free}",Free,https://tinyurl.com/ai-workshop-kharaayo
ICRTAI 2025,https://utfs.io/f/XwQF9HrqwfTjKmcvtAn4OuWldSU7xfzNFRyPBJbVsiLXT2jq,Sat Jun 28 2025,Sun Jun 29 2025,"Birtamod, Koshi Province, Nepal","{Ai, Tech, Networking, Health, Education, Business, Hybrid}",To Be Updated,https://www.icrtai.com/
NPLAcademia GradTalk,https://utfs.io/f/XwQF9HrqwfTjAnfE0r9Pxpj6kOt1bgVCRDLuhlGdofnWyvIN,Sat Jun 28 2025,,Zoom,"{Education, Networking, Online, Tech, Free, Community}",Free,https://lnkd.in/ecbhRTv5
Your First Step Into Cloud,https://utfs.io/f/XwQF9HrqwfTjDCuDgSNtO4AHMNwciK5yB62C0pe7RgDqhrfb,Fri Jun 27 2025,,Online Zoom,"{Tech, Community, Online, Education, Networking, Free}",Free,https://www.meetup.com/aws-cloud-club-at-prithvi-narayan-campus/events/308540761/
STEAM Expo 2025: Project Demonstration,https://utfs.io/f/XwQF9HrqwfTjzitQKTR0Te9sDf1GFIpEYo4mvtQcHhJ5Ruiz,Fri Jun 27 2025,,"Forestry Museum, Hetauda10","{Robotics, Tech, Education, Community, Networking}",Rs.2000/Project,https://docs.google.com/forms/d/1oxHTogrmaHSa8hXLAXxmFNVHySmnk3lzComhuXIdPMw/viewform?edit_requested=true
Texas Career Fair 2025,https://utfs.io/f/XwQF9HrqwfTjBIzfKkGiDYa2Xd0614kqcyEjxzuFLrZpWTmw,Thu Jun 26 2025,,"TIC College, Mitrapark, Kathmandu","{Networking, Education, Business, Tech, Community, Local, Free}",Free,https://www.facebook.com/texasintlcollege
5 Day Graphic Design  Illustrator Workshop,https://utfs.io/f/XwQF9HrqwfTjEpzO9OyA7VSHYTlhIxgK5QmPNo9qEk6c8z3j,Thu Jun 26 2025,Mon Jun 30 2025,Google Meet,"{Graphic Design, Online, Free, Art, Tech}",Free,https://forms.gle/BpwAqfypMQJAmFZ67
Ambition Hackfest 2082,https://utfs.io/f/XwQF9HrqwfTjFNeldVMhOLcf4kR1AyQxHdrg57MiIWjnPBYS,Thu Jun 26 2025,Sat Jun 28 2025,"MidBaneshwor, Kathmandu","{Tech, Community, Ai, Local, Graphic Design, Web, Engineering, Networking}",Rs. 2000/Team,http://ambitionhackfest.com/
7Day Cybersecurity Workshop,https://utfs.io/f/XwQF9HrqwfTjurhaug1nIXAgb8aDPqW1SsQGdevkh60Yzo3E,Wed Jun 25 2025,Tue Jul 01 2025,Online,"{Cybersecurity, Tech, Online, Education, Free, Community}",Free,https://forms.gle/1tpcoiDgKpm1yN5k6
The Design Thinking Workshop,https://utfs.io/f/XwQF9HrqwfTjBR35aQGiDYa2Xd0614kqcyEjxzuFLrZpWTmw,Tue Jun 24 2025,Wed Jun 25 2025,"ICTC Building, Pulchowk Campus","{Tech, Community, Networking, Education}",Free,https://lu.ma/euq7potm
"Cloud Native Exchange  Talk Tech, Share Ideas",https://utfs.io/f/XwQF9HrqwfTjBSyTwHGiDYa2Xd0614kqcyEjxzuFLrZpWTmw,Sun Jun 22 2025,,"DeerwalkCollege, Kathmandu","{Tech, Devops, Education, Community, Networking, Engineering}",Free,https://forms.gle/wm5NAJ6saEUU6b6M9
Hack for Business,https://utfs.io/f/XwQF9HrqwfTjGhBcdk2U8RQKEPWNIu1lSLryzmFfCvY0ghn2,Sat Jun 21 2025,Mon Jun 23 2025,"Kathmandu University , Dhulikhel","{Business, Tech, Community, Entrepreneurship, Engineering}","Rs. 3,500/Team",https://www.isclub.tech/events/hackathon
AWS Fundamentals Workshop: Immersive HandsOn Experience,https://utfs.io/f/XwQF9HrqwfTjT82Trgt0a6ciKvXzrYlSyhNqbJoQ9Eke7VCt,Sat Jun 21 2025,,"NCIT, Balkumari, Lalitpur","{Devops, Education, Tech, Community, Networking, Free}",Free,https://shorturl.at/h15J3
Proteus: PCB Design and Fabrication Workshop,https://utfs.io/f/XwQF9HrqwfTjfGxCB3UX4hNxKH0Sdo1R7QJzgq8UmunyGVbs,Fri Jun 20 2025,Mon Jun 23 2025,"Department of Electrical Engineering, Pulchowk Campus","{Engineering, Education, Tech, Robotics, Community}",Rs. 250,https://docs.google.com/forms/d/e/1FAIpQLSeqXQJhmke5LU_jaCBMKY2RcIX2Y6vh45g6bFU7WPFx32NYEA/viewform
Model Forge Ep 2: Model Training and Evaluation,https://utfs.io/f/XwQF9HrqwfTjtDkY4Af9humZ1o6f2ydkLXsJFI7xa5zqcRWM,Thu Jun 19 2025,,Google Meet,"{Ai, Tech, Online, Education, Free, Community}",Free,https://forms.gle/ACgsRgeVgfNsRBj3A
The LaunchPad: Building Careers  Connections,https://utfs.io/f/XwQF9HrqwfTjY52kvi0TviajJ942LktEHeC8IdPpcXxbwmlh,Sat Jun 14 2025,,"Aone Banquet, Shankhamul","{Tech, Community, Networking, Engineering, Business, Startup, Entrepreneurship, Free, Local}",Rs 150  Rs 300,https://forms.gle/vikReD6cpVgCNpcS6
Research Talk13,https://utfs.io/f/XwQF9HrqwfTjc8PaXVvgyrSYbhN31O5ZCtUn9pqf7jLWPRBa,Sat Jun 14 2025,,Virtual,"{Environment, Education, Online, Community, Tech, Engineering}",Free,https://forms.gle/xVzjN542EmPmYFTi6
WordCamp Pokhara 2025,https://utfs.io/f/XwQF9HrqwfTjx2UbhnDtrn9F6XQ3SCPf2ysERecM4dw7jVzO,Fri Jun 13 2025,Sat Jun 14 2025,"Pokhara Event Center, Pokhara","{Web, Tech, Community, Local, Networking, Education}",Rs 1200 Students Or Rs 1500,https://pokhara.wordcamp.org/2025/
Online Research Paper Writing Workshop,https://utfs.io/f/XwQF9HrqwfTjSUiFF0CtnxzUmqZ01vVQLFAdYJ5j4erwPaIE,Thu Jun 12 2025,,Online,"{Tech, Education, Engineering, Community, Free}",Free,https://forms.gle/YrZkCSi4gqk8QaATA
Hack For Nepal,https://utfs.io/f/XwQF9HrqwfTjuRwbeZg1nIXAgb8aDPqW1SsQGdevkh60Yzo3,Thu Jun 12 2025,Sat Jun 14 2025,"NCIT, Balkumari, Lalitpur","{Tech, Community, Local, Health, Ai, Engineering}",Rs 2000/Team If Shortlisted,https://hackfornepal.me/
Model Forge Ep 1  Optimization Algorithms in Machine Learning,https://utfs.io/f/XwQF9HrqwfTjjTqMudctvZrbUlDyi8xqshRcI60SmNY3MwoJ,Wed Jun 11 2025,,Google Meet,"{Ai, Tech, Online, Education, Free}",Free,https://tinyurl.com/model-forge
Git  Github Training,https://utfs.io/f/XwQF9HrqwfTjg9nowjbDA3xOh4e5b2aClskm19TuIMvEKiHU,Wed Jun 11 2025,Thu Jun 12 2025,Online,"{Tech, Devops, Engineering, Education, Online, Free}",Free,https://bit.ly/4krmbMB
InnoSphere 1.0  Software Project Exhibition,https://utfs.io/f/XwQF9HrqwfTjjXW8CSLctvZrbUlDyi8xqshRcI60SmNY3Mwo,Sun Jun 08 2025,,"School of Engineering, PU","{Tech, Engineering, Education, Web, Ai, Blockchain, Mobile Development}",Rs. 500,https://docs.google.com/forms/d/e/1FAIpQLSc7Mwc_egpYw9ZHSsHaV_9C-Qv43wg1wNBjS486hyDAk9c7Wg/viewform
InnoSphere 1.0  InnoCanvas,https://utfs.io/f/XwQF9HrqwfTjTRtGJ10a6ciKvXzrYlSyhNqbJoQ9Eke7VCtj,Sun Jun 08 2025,,"School of Engineering, PU","{Graphic Design, Art, Education, Tech, Networking, Community}",Rs. 300,https://docs.google.com/forms/d/e/1FAIpQLSeaxKpYjaqehsFy-rpWxTlafjYKfdUbASfb2r4ka_2hmjg2tA/viewform
InnoSphere 1.0  Idea Pitching Competition,https://utfs.io/f/XwQF9HrqwfTjevzGupyMnt8l59psZcYFHj6aU17iBJgVwSLC,Sun Jun 08 2025,,"School of Engineering, PU","{Tech, Business, Health, Pitching, Entrepreneurship}",Rs. 100,https://docs.google.com/forms/d/e/1FAIpQLSdpMC5krdNfm2IRehBY0IGjAwod1aZ7ieDj6Mdm-s2mgN5kkQ/viewform
BMC InnovateX Hackathon,https://utfs.io/f/XwQF9HrqwfTjGliSO3H2U8RQKEPWNIu1lSLryzmFfCvY0ghn,Sun Jun 08 2025,Tue Jun 10 2025,"Butwal Multiple Campus, Butwal03, Rupandehi","{Tech, Community, Blockchain, Networking, Ai, Free, Hybrid, Online, Web, Engineering}",Free,https://docs.google.com/forms/d/e/1FAIpQLSe1C3wDCIg2NCDq0DSh-H0Yh0XNqyB0FcCMMr7ItNw8hkJG9w/viewform
InnoSphere 1.0  Hardware Project Exhibition,https://utfs.io/f/XwQF9HrqwfTjtBmmqIgf9humZ1o6f2ydkLXsJFI7xa5zqcRW,Sun Jun 08 2025,,"School of Engineering, PU","{Engineering, Tech, Robotics, Local, Education, Community}",Rs. 500,https://docs.google.com/forms/d/e/1FAIpQLSc_T9EBlxtpAdmhK7hNDQVYzheOMS4qy1ZNpdKYwSvE_GyAaA/viewform
QTalk Series E5,https://utfs.io/f/XwQF9HrqwfTjgtBgXpMbDA3xOh4e5b2aClskm19TuIMvEKiH,Sun Jun 08 2025,,Zoom,"{Tech, Online, Free, Education, Engineering, Community}",Free,https://qnepal.short.gy/qtalkE5
InnoSphere 1.0  NextGen Innovators Expo SchoolLevel,https://utfs.io/f/XwQF9HrqwfTjBMWchvGiDYa2Xd0614kqcyEjxzuFLrZpWTmw,Sun Jun 08 2025,,"School of Engineering, PU","{Tech, Education, Engineering, Robotics, Local, Community, Networking}",Free,https://docs.google.com/forms/d/e/1FAIpQLSehX3irKpsKxfvYaeqaQwzWTaF8tAfbwb33iZJY85Z66g_oow/viewform
INKSPIRE: Research Writing for Beginners,https://utfs.io/f/XwQF9HrqwfTjXWguj3hrqwfTjOsybvlkWM2S8QnHuDRZ3pa1,Sat Jun 07 2025,,Google Meet,"{Education, Tech, Online, Community, Free}",Free,https://forms.gle/XCj2Btiwoh3o28ZWA
AI  Future on Web Development,https://utfs.io/f/XwQF9HrqwfTjzjXuL1R0Te9sDf1GFIpEYo4mvtQcHhJ5Ruiz,Sat Jun 07 2025,,Google Meet,"{Ai, Web, Tech, Online, Education}",Free,https://docs.google.com/forms/d/e/1FAIpQLSfC2rDnoZJkbpLIdvQsZ_4JiEt6YsiGl5KyJMM-val8rjqcSg/viewform
AI  ML on AWS,https://utfs.io/f/XwQF9HrqwfTj1CQdlw4z3Wjv6DBdX0OaqwrZizQbg4RuC2c8,Sat Jun 07 2025,,"Advance College of Engineering  Management, Kalanki, Kathmandu","{Ai, Tech, Community, Education, Networking, Free}",Free,https://www.meetup.com/aws-cloud-club-at-tribhuvan-university/events/307931446/
Generative AI on AWS,https://utfs.io/f/XwQF9HrqwfTjGf7o1l2U8RQKEPWNIu1lSLryzmFfCvY0ghn2,Fri Jun 06 2025,,"IMS Software, Tripureshwor, Kathmandu","{Ai, Tech, Community, Networking, Free}",Free,https://shorturl.at/M0QhK
CodeWar 1.0,https://utfs.io/f/XwQF9HrqwfTj0zzOZr5bn4gdxRqZ5tYm9soLAPrQiHFO3hBE,Thu Jun 05 2025,Fri Jun 06 2025,"BCA Lab, Mechi Multiple Campus","{Tech, Community, Local, Education, Free, Hybrid, Gaming}",Free,https://codewar.mechimavericks.tech/
Introduction to IoT: Unlocking the Future of Connected Devices,https://utfs.io/f/XwQF9HrqwfTj91ynDZCpGP3T2XwU7RnDdmhE5pOgste4LJiA,Thu Jun 05 2025,,Google Meet,"{Tech, Ai, Online, Free, Robotics, Engineering}",Free,https://forms.gle/kkBZiWyvkww3rwKw8
Waste Hackathon 2025,https://utfs.io/f/XwQF9HrqwfTjxHMH65Dtrn9F6XQ3SCPf2ysERecM4dw7jVzO,Thu Jun 05 2025,,Budhanilkantha Municipality Hall,"{Tech, Environment, Sustainability, Local, Community, Engineering}",Free,https://wastehackathon.vercel.app/
AWS Lambda Hackathon,https://utfs.io/f/XwQF9HrqwfTjAaFnVR9Pxpj6kOt1bgVCRDLuhlGdofnWyvIN,Tue Jun 03 2025,Mon Jun 30 2025,Online,"{Web, Tech, Ai, Online, Global, Free}",Free,https://awslambdahackathon.devpost.com/
Hacking for Empowered Women  Orientation Session,https://utfs.io/f/XwQF9HrqwfTjXw0W98rqwfTjOsybvlkWM2S8QnHuDRZ3pa17,Tue Jun 03 2025,,Zoom,"{Tech, Community, Online, Local, Free}",Free,https://forms.gle/BLR64eeqCzgQnFei6
Hack4SafeFood: Hackathon for Innovating Food Safety in Nepal,https://utfs.io/f/XwQF9HrqwfTj2jPUMGqXSxzpiTehQKu0HEgl753DdLZ1jWYG,Mon Jun 02 2025,Fri Jun 06 2025,"Kathmandu, Nepal","{Tech, Health, Environment, Sustainability, Local, Mobile Development, Ai}",Free,https://docs.google.com/forms/d/e/1FAIpQLSc_FgIUapUU4hGXHtq0VYuSWlpSFIIvWFf7VosOKf0rLoSgcA/viewform
NPLCoder GenAI Builders Fellowship,https://utfs.io/f/XwQF9HrqwfTj67aL6xbZr3PxUHnYM1ELDCImp5JSNdOAWj08,Sun Jun 01 2025,Sun Jul 13 2025,"Kathmandu, Nepal","{Ai, Tech, Community, Education, Free, Online, Hybrid}",Free,https://docs.google.com/forms/d/e/1FAIpQLSdI9cJqfAdUDQ7W-M7e4qZUKyzsDGTzFs7yCKXRjizNxt_CXQ/viewform?pli=1
Leapfrog 60 Days of Learning,https://utfs.io/f/XwQF9HrqwfTjZVQptThpMIPs6uRvbctfj2E4wQqJ9rzLohUg,Sun Jun 01 2025,Wed Jul 30 2025,Online,"{Tech, Community, Education, Online, Free}",Free,https://frog.ly/register-60DOL2025
Free AI/ML Webinar,https://utfs.io/f/XwQF9HrqwfTjkAR7dxJDeWApaoNh4nQMRr1SgUKVyqxj8Lud,Sat May 31 2025,,Google Meet,"{Ai, Tech, Education, Free, Online, Community}",Free,https://tinyurl.com/ai-proleap
Exploring App Development Webinar,https://utfs.io/f/XwQF9HrqwfTjQ1n3wzjcrSdfDstpM8NqXgEyn4ujm1ZekGF5,Sat May 31 2025,,Google Meet,"{Tech, Mobile Development, Online, Community, Education}",Free,https://forms.gle/rCyrwPZ4HgvZVH5T7
Building AI Agents Part I,https://utfs.io/f/XwQF9HrqwfTjNqNaecixLu294R05jGOUXEzDfb8C6sghvIHr,Sat May 31 2025,,Google Meet,"{Ai, Tech, Education, Free, Online}",Free,https://forms.gle/i3oTrfvBcZifY7fQ7
Chautari Chess Tournament,https://utfs.io/f/XwQF9HrqwfTj72F5uiKeYTiransNmUq72W3HfxwkpM6Q1yGC,Sat May 31 2025,,Chess.com,"{Chess, Online, Gaming, Free}",Free,https://docs.google.com/forms/d/e/1FAIpQLSfm9lx2HY6DSeQ-2jTvI3TZIO4iLTZkdPlDszNvpZ9hchsHMg/viewform
Quantum   Talk EP. 01,https://utfs.io/f/XwQF9HrqwfTj0QlvvB5bn4gdxRqZ5tYm9soLAPrQiHFO3hBE,Fri May 30 2025,,Microsoft Teams,"{Tech, Online, Education, Engineering, Community, Free}",Free,https://forms.gle/RLRbzsoRWwkimdMM8
Worlds Largest Hackathon,https://utfs.io/f/XwQF9HrqwfTjGeo3nr2U8RQKEPWNIu1lSLryzmFfCvY0ghn2,Fri May 30 2025,Tue Jul 01 2025,Online,"{Ai, Tech, Startup, Entrepreneurship, Online, Global, Hybrid}",Free,https://worldslargesthackathon.devpost.com/
NAAMII Open House,https://utfs.io/f/XwQF9HrqwfTj1no5F3z3Wjv6DBdX0OaqwrZizQbg4RuC2c8l,Fri May 30 2025,,Alliance Franaise de Katmandou,"{Ai, Tech, Community, Networking, Local, Free}",Free,https://docs.google.com/forms/d/e/1FAIpQLSfYCWY9WtwmLNudplZ5_bLTH5sB8JZtXOiJfOhdM6sAuNCBsQ/viewform
Web Development Workshop,https://utfs.io/f/XwQF9HrqwfTjOffpotkvPF9BEMUaiDmZXYqJRNwetblf3j2g,Thu May 29 2025,Wed Jun 04 2025,"Purwanchal Campus, Room No. 213","{Web, Tech, Education, Community}",Rs 100 To 200,https://docs.google.com/forms/d/e/1FAIpQLSeehzkLSHoVjSVvDKsdVJEsPZ-UrBjbTOUCJNtP9HOoWJkgLg/viewform
Intro To Web  WordPress,https://utfs.io/f/XwQF9HrqwfTjLEQQ8KWjkBZY0Fdn9vwG5lJ23q4KUMAXQg6f,Wed May 28 2025,,"CIT Hall, WRC, Pokhara","{Web, Tech, Community, Education, Free, Local}",Free,https://docs.google.com/forms/d/e/1FAIpQLSda7ZVYiXaiR_C8bkF6XJ9e7__uiuTofVliWINppCG5qjHm4Q/viewform
Graphic Design Workshop,https://utfs.io/f/XwQF9HrqwfTj0DSv1i5bn4gdxRqZ5tYm9soLAPrQiHFO3hBE,Wed May 28 2025,Fri May 30 2025,"Skill Shikshya, Sankhamul, Kathmandu","{Graphic Design, Tech, Education, Free, Art, Local}",Free,https://skillshikshya.com/itsnp-x-vrit-workshops-registration/
Workshop on UI/UX Designing,https://utfs.io/f/XwQF9HrqwfTjFDxRRIMhOLcf4kR1AyQxHdrg57MiIWjnPBYS,Wed May 28 2025,Sun Jun 01 2025,Google Meet,"{Tech, Graphic Design, Education, Art, Free, Online, Community}",Free,https://docs.google.com/forms/d/e/1FAIpQLSfCwLkJGBoDSkyB2EArgbBJoK1d-Wg1iMoKXfhKFZB0sukbHg/viewform
2DAYS WORKSHOP ON Quality Assurance QA,https://utfs.io/f/XwQF9HrqwfTjGlsLQhk2U8RQKEPWNIu1lSLryzmFfCvY0ghn,Tue May 27 2025,Wed May 28 2025,Sagarmatha College of Science and Technology,"{Education, Devops, Tech, Community}",Free,https://forms.gle/3uY8avW61JjM2rGK8
BRAIN BEHIND BOTS: HOW AGENTIC AI WORKS,https://utfs.io/f/XwQF9HrqwfTjBIeYUxGiDYa2Xd0614kqcyEjxzuFLrZpWTmw,Sat May 24 2025,,Google Meet,"{Ai, Tech, Online, Free, Education, Community}",Free,https://forms.gle/dyB8f9Sc4s9d4X6H9
3D DESIGN FREE WEBINAR,https://utfs.io/f/XwQF9HrqwfTjBEULrYGiDYa2Xd0614kqcyEjxzuFLrZpWTmw,Sat May 24 2025,,Google Meet,"{Graphic Design, Online, Free, Tech, Education}",Free,https://tinyurl.com/kharaayo-blender-proleap
BLUETEAM SQUAD: DEFENDERS WANTED,https://utfs.io/f/XwQF9HrqwfTj8ClIBIgq6t3vKOapAV4gmHXFkCS1d0zZBGrU,Wed May 21 2025,Sat May 24 2025,"LA GRANDEE International College, Simalahaur12, Pokhara","{Cybersecurity, Tech, Community, Local}",Rs 100  Rs 180,https://forms.gle/jFk6vjbrmw1GyMy16
The Flutter Foundry,https://utfs.io/f/XwQF9HrqwfTjaUajyGE4HWerXFAqQY8hvoVuwTfGD2spZ3d5,Tue May 20 2025,Tue Jun 17 2025,Discord,"{Mobile Development, Online, Education, Community, Tech}",Rs 499 Or 999,https://forms.gle/19VzoqbcSwM5tvUr7
Smart City Hackathon,https://utfs.io/f/XwQF9HrqwfTjjXwCKYKctvZrbUlDyi8xqshRcI60SmNY3Mwo,Mon May 19 2025,Sat Jun 28 2025,Online,"{Tech, Community, Online, Global, Sustainability, Free}",Free,https://smart-city-hackathon.devpost.com/
Unlocking Cybersecurity: A Guide to Digital Safety,https://utfs.io/f/XwQF9HrqwfTjGeKSyb2U8RQKEPWNIu1lSLryzmFfCvY0ghn2,Sun May 18 2025,Tue May 20 2025,Google Meet,"{Cybersecurity, Tech, Online, Education, Community}",Free,https://forms.gle/nkDDkaK6ALAWduDDA
Build with AI 2025,https://utfs.io/f/XwQF9HrqwfTj599ZSp87zFA9fGIpYj6N1DReMoXqtC4TaSLn,Sun May 18 2025,,"Webpoint Technology Pvt. Ltd., Subarna Shamsher Marg, Kathmandu","{Ai, Tech, Community, Local, Education, Networking}",Rs 700,https://docs.google.com/forms/d/e/1FAIpQLSeAUgRmbzmiA2pgshGC65baNS6A_c-RNVsfa9P-aos9eDm6Iw/viewform
Getting Started with Python,https://utfs.io/f/XwQF9HrqwfTjxRQ6ktDtrn9F6XQ3SCPf2ysERecM4dw7jVzO,Sun May 18 2025,Sat May 24 2025,Google meet,"{Tech, Education, Online, Ai}",Rs 250,https://docs.google.com/forms/d/e/1FAIpQLSexY2iJuhk6CUcOaNiqhsIvTVGgjJkT_tCBJjkkPgl62RU4jg/viewform
Neural Nexus,https://utfs.io/f/XwQF9HrqwfTjxkgJ4CDtrn9F6XQ3SCPf2ysERecM4dw7jVzO,Sun May 18 2025,Wed Jun 18 2025,Online,"{Ai, Tech, Health, Online, Global, Free}",Free,https://neural-nexus.devpost.com/
"STEMFluence: Think, Tinker, Thrive",https://utfs.io/f/XwQF9HrqwfTjg00LlLbDA3xOh4e5b2aClskm19TuIMvEKiHU,Sat May 17 2025,Sun May 18 2025,"Pathshala Nepal Foundation, Baneshwor, Kathmandu","{Engineering, Robotics, Education, Tech, Local, Volunteering}",Free,https://www.facebook.com/photo/?fbid=1386427839606703
One Shot: Learn Typescript From Zero to Hero,https://utfs.io/f/XwQF9HrqwfTjaFWjtKE4HWerXFAqQY8hvoVuwTfGD2spZ3d5,Sat May 17 2025,,Online,"{Tech, Web, Online, Free, Education}",Free,https://chat.whatsapp.com/GXi8BlCwejnFgyJJhVEXee
Navigating the Cloud and Communication,https://utfs.io/f/XwQF9HrqwfTjm9J1Mg4W6sSABi9xU75bOMJXyZLjGwT2DQpk,Sat May 17 2025,,Online,"{Tech, Devops, Education, Community, Free, Networking}",Free,https://www.meetup.com/aws-cloud-club.../events/307821654/
5 Days FREE Bootcamp on DevOps  Cloud Fundamentals,https://utfs.io/f/XwQF9HrqwfTjGl3hOZk2U8RQKEPWNIu1lSLryzmFfCvY0ghn,Thu May 15 2025,Tue May 20 2025,Zoom,"{Devops, Tech, Free, Online, Education}",Free,https://chat.whatsapp.com/BcMRom9PUlHJQa7HdvSR8V
Cybersecurity 101: Essentials to Advanced,https://utfs.io/f/XwQF9HrqwfTjOrrM5gkvPF9BEMUaiDmZXYqJRNwetblf3j2g,Wed May 14 2025,Wed May 28 2025,Google Meet,"{Cybersecurity, Tech, Education, Community, Global}",Rs 199 To Rs 399,https://forms.gle/nf9Sh4duK7izZVqn7
Blockchain Gaming,https://utfs.io/f/XwQF9HrqwfTjEGuLmsA7VSHYTlhIxgK5QmPNo9qEk6c8z3jp,Wed May 14 2025,,Online,"{Blockchain, Gaming, Tech, Online, Free, Networking, Business}",Free,https://docs.google.com/forms/d/e/1FAIpQLSfan4cpqQyBvLjW26koL0EdL2kS_fnjctZuvpNN1Tqnb5kRoQ/viewform
All Nepal Civil Engineering Model Competition,https://utfs.io/f/XwQF9HrqwfTjBqig8ORGiDYa2Xd0614kqcyEjxzuFLrZpWTm,Tue May 13 2025,Wed May 14 2025,"KU Fountain, Dhulikhel","{Engineering, Sustainability, Environment, Tech, Education, Community, Local}",Rs 500  Rs 2000/Team,https://forms.gle/fzkfU7E7zr1FH5GMA
3 Days Free Web Dev Workshop,https://utfs.io/f/XwQF9HrqwfTjmDJvU2l4W6sSABi9xU75bOMJXyZLjGwT2DQp,Mon May 12 2025,Wed May 14 2025,"Skill Shikshya, Sankhamul, Kathmandu","{Web, Tech, Education, Free, Local}",Free,https://skillshikshya.com/itsnp-x-vrit-workshops-registration/
Agent Development Kit Hackathon with Google Cloud,https://utfs.io/f/XwQF9HrqwfTjmDNEuYN4W6sSABi9xU75bOMJXyZLjGwT2DQp,Mon May 12 2025,Tue Jun 24 2025,Online,"{Ai, Tech, Online, Global, Engineering, Web}",Free,https://googlecloudmultiagents.devpost.com/
Civic Tech Hackathon,https://utfs.io/f/XwQF9HrqwfTj6eU8vTZr3PxUHnYM1ELDCImp5JSNdOAWj08B,Mon May 12 2025,Sat May 31 2025,Online,"{Tech, Ai, Online, Global, Community, Web}",Free,https://chatbot-for-public-safety.devpost.com/
Shake Table Competition,https://utfs.io/f/XwQF9HrqwfTjqw2mixlVfZr87osAYxu4HDlmvSQOMPceR3Jh,Sun May 11 2025,Tue May 13 2025,"Fountain, Kathmandu University, Dhulikhel","{Engineering, Crafts, Local, Community, Education, Sustainability, Environment}",Rs 500/Team,https://docs.google.com/forms/d/e/1FAIpQLScQjwqfY6j1BubM8WU2yvI6lSPkS5LiVD8RzhFXtOphmHkTGA/viewform
CADATHON,https://utfs.io/f/XwQF9HrqwfTjtsh7QBf9humZ1o6f2ydkLXsJFI7xa5zqcRWM,Sun May 11 2025,,KU Multipurpose Hall,"{Engineering, Tech, Graphic Design, Education, Community, Physical}","Rs 3,500",https://docs.google.com/forms/d/e/1FAIpQLSc3RCS_WLDgpwkRIgXBm6XZqyzCZJYgUNv3i4tZQgXgGcjNHg/viewform
AWS Fundamentals Workshop: HandsOn Cloud Computing,https://utfs.io/f/XwQF9HrqwfTjGpbWuO2U8RQKEPWNIu1lSLryzmFfCvY0ghn2,Sun May 11 2025,,"Kathmandu Model College, Bagbazar","{Tech, Education, Devops, Community, Networking, Free}",Free,https://www.meetup.com/aws-cloud-club-in-nepal/events/307652302/
Paper Bridge Competition,https://utfs.io/f/XwQF9HrqwfTjgdYhyybDA3xOh4e5b2aClskm19TuIMvEKiHU,Sun May 11 2025,,"KU Fountain, Dhulikhel","{Engineering, Community, Local, Crafts, Sustainability, Environment}",Rs 300/Team,https://docs.google.com/forms/d/e/1FAIpQLSczuuyDn3ECMUa2CfC6jmAgew-qIP4MXdTIwD6-Wq8U13pQ2g/viewform
Quantum Computing in an Intuitive Way,https://utfs.io/f/XwQF9HrqwfTj1djvSHz3Wjv6DBdX0OaqwrZizQbg4RuC2c8l,Sat May 10 2025,,Google Meet,"{Tech, Ai, Online, Education, Community}",Free,https://forms.gle/JSNmYfEkRdb8eMtb7
Global Azure 2025 Kathmandu,https://utfs.io/f/XwQF9HrqwfTjawozYJE4HWerXFAqQY8hvoVuwTfGD2spZ3d5,Sat May 10 2025,,Microsoft Teams,"{Tech, Devops, Community, Local, Online, Global, Ai}",Free,https://www.meetup.com/nepalcloudpro/events/305101477/
IEEE Inspire 2025,https://utfs.io/f/XwQF9HrqwfTjXYag5crqwfTjOsybvlkWM2S8QnHuDRZ3pa17,Sat May 10 2025,,"Leapfrog Technology, Charkhal Rd, Kathmandu","{Tech, Community, Local, Networking, Online, Hybrid}",Free,https://lu.ma/9kacxaxy
NEPAL HACKERONE LIVE HACKING MEETUP,https://utfs.io/f/XwQF9HrqwfTj0glDo9Y5bn4gdxRqZ5tYm9soLAPrQiHFO3hB,Sat May 10 2025,Sat May 17 2025,Kathmandu,"{Cybersecurity, Tech, Community, Networking, Hybrid}",Free,https://h1.community/events/details/hackerone-nepal-hackerone-club-presents-nepal-hackerone-live-hacking-meetup/
Research Paper Presentation: Effect of Policy Variables on the Process of Money Supply,https://utfs.io/f/XwQF9HrqwfTjh2m2g97tNXzawdxuByIObAlCLS870jUhemKF,Sat May 10 2025,,Zoom,"{Business, Education, Online, Free, Community}",Free,https://docs.google.com/forms/d/e/1FAIpQLSdJsrW4L6dyRWzdyf-RxtDoRQkCafkPsRlATkRpo4Lgh5LW2g/viewform
SEO 101: The Basics,https://utfs.io/f/XwQF9HrqwfTjZTaQeMhpMIPs6uRvbctfj2E4wQqJ9rzLohUg,Wed May 07 2025,Fri May 16 2025,Google Meet,"{Tech, Marketing, Education, Online, Ai}",Rs 200 To Rs 400,https://forms.gle/72fxTVtjqCaxewXr6
Inter School Quiz Competition,https://utfs.io/f/XwQF9HrqwfTjWV7ycJeP8myf5nKd9tXM0SDFlVBh3pTR6Zau,Wed May 07 2025,,"Kathmandu University, Multipurpose Hall","{Education, Local, Community, Tech}",Rs. 1200 Per Team,https://docs.google.com/forms/d/e/1FAIpQLScQmCNI81Vn90c4xorPAVl5X598iAetUnhv7zDABMvn2YfbcA/viewform
SANKALPA25 SCHOLAR TALK,https://utfs.io/f/XwQF9HrqwfTjrvaP4pLSOglbE0LkcT5DUmj1FNHwf9y3qRud,Wed May 07 2025,,"Mini Auditorium, Kathmandu University","{Tech, Sustainability, Environment, Education, Community, Local, Physical}",Free,https://docs.google.com/forms/d/1taSUzZELKwMp9B7fXVcjU3TyMyhYA4e6uV0NBcw4WGs/viewform?edit_requested=true
AI in Action,https://utfs.io/f/XwQF9HrqwfTjSsEezgtnxzUmqZ01vVQLFAdYJ5j4erwPaIEB,Tue May 06 2025,Wed Jun 18 2025,Online,"{Ai, Tech, Devops, Data Analysis, Engineering, Online, Global, Web}",Free,https://ai-in-action.devpost.com/
3Day Free UI/UX Design Workshop,https://utfs.io/f/XwQF9HrqwfTj2Fll2dzqXSxzpiTehQKu0HEgl753DdLZ1jWY,Mon May 05 2025,Wed May 07 2025,"Skill Shikshya, Sankhamul, Kathmandu","{Tech, Education, Free}",Free,https://skillshikshya.com/itsnp-x-vrit-workshops-registration/
Public Speaking Workshop,https://utfs.io/f/XwQF9HrqwfTjXWTxOvTrqwfTjOsybvlkWM2S8QnHuDRZ3pa1,Sun May 04 2025,,"Kathmandu University, Dhulikhel","{Community, Education, Networking, Local, Free}",Free,https://www.facebook.com/sankalpaKU
ALL NEPAL SURVEY COMPETITION,https://utfs.io/f/XwQF9HrqwfTj8SxxDQ3gq6t3vKOapAV4gmHXFkCS1d0zZBGr,Sun May 04 2025,,"KU Central Campus, Dhulikhel","{Engineering, Local, Tech, Community, Education, Environment}",Rs. 1500/Team,https://docs.google.com/forms/d/e/1FAIpQLSfaJGpC8Q-LR3KaF7z3Gl3BsdDw_y4lmqF2q8ye1aiq1n7cBA/viewform
"LinkedIn for Medicine: Ease, Engage, Excel",https://utfs.io/f/XwQF9HrqwfTjmoKWh34W6sSABi9xU75bOMJXyZLjGwT2DQpk,Sat May 03 2025,,Zoom,"{Tech, Health, Education, Business, Networking, Marketing, Online, Free}",Free,https://forms.gle/wLM51VkaPru8a2r16
Global IME Banks AI/ML Hackathon 2025,https://utfs.io/f/XwQF9HrqwfTjYNn9NqTviajJ942LktEHeC8IdPpcXxbwmlhs,Thu May 01 2025,,"Kathmandu, Nepal","{Ai, Tech, Business, Online, Data Analysis, Engineering}",Free,https://hackathon.gibl.com.np/
LIVE ART COMPETITION,https://utfs.io/f/XwQF9HrqwfTjfGxp3ZNUX4hNxKH0Sdo1R7QJzgq8UmunyGVb,Wed Apr 30 2025,,Basantapur Durbar Square,"{Art, Culture, Local, Free, Community, Environment}",Rs. 150,https://docs.google.com/forms/d/e/1FAIpQLSeGRtSly1P-ppBJ5M-RF4K17ckezjr-Sc_1MN-4tUii824yCg/viewform
COMPETITIVE STRATEGY FROM SEARCH,https://utfs.io/f/XwQF9HrqwfTjbfff4i8SQnULGupAtgZ8vCorJ6S92NKz7hVB,Tue Apr 29 2025,,Online,"{Marketing, Business, Tech, Networking, Online, Free}",Free,https://bit.ly/42FA8Pr
Nepal Hacks  SecurityPal: AI Unleashed,https://utfs.io/f/XwQF9HrqwfTjF4OFqe5MhOLcf4kR1AyQxHdrg57MiIWjnPBY,Tue Apr 29 2025,Thu May 01 2025,"SecurityPal Nepal Office, Kathmandu","{Ai, Tech, Cybersecurity, Community, Free, Local}",Free,https://hubs.la/Q03cgk4J0
Fusemachines  AI Fellowship 2025,https://utfs.io/f/XwQF9HrqwfTjkEWCl7JDeWApaoNh4nQMRr1SgUKVyqxj8Lud,Mon Apr 28 2025,,Online,"{Ai, Tech, Education, Online, Global, Free, Engineering}",Free,https://fuse.ai/ai-fellowship/nepal/application-form/
Software Development  Career Guidance,https://utfs.io/f/XwQF9HrqwfTjNkkSPvYixLu294R05jGOUXEzDfb8C6sghvIH,Sat Apr 26 2025,,Google Meet,"{Tech, Devops, Community, Education, Networking, Online, Free}",Free,https://www.facebook.com/photo?fbid=715649871030170
Firebase Studio  Gemini AI Vibe Coding Session,https://utfs.io/f/XwQF9HrqwfTjK4gaHIn4OuWldSU7xfzNFRyPBJbVsiLXT2jq,Sat Apr 26 2025,,"Reliance College, Saraswatinagar, Chabahil, Kathmandu","{Ai, Web, Tech, Community, Local}",Free,https://www.meetup.com/flutter-kathmandu/events/307296702/?eventOrigin=group_upcoming_events
Smarter Hiring Decisions with Google Gemini,https://utfs.io/f/XwQF9HrqwfTjE4NL8CA7VSHYTlhIxgK5QmPNo9qEk6c8z3jp,Sat Apr 26 2025,,"Reliance College, Chabahil, Kathmandu","{Ai, Tech, Community, Local, Networking, Free}",Free,https://www.meetup.com/flutter-kathmandu/events/307296702/?eventOrigin=group_upcoming_events
Digital Footprints That Lead To Opportunity,https://utfs.io/f/XwQF9HrqwfTjVG72hgQ37Yns0CP4k2JbBwW5KlE1gyraTe8m,Sat Apr 26 2025,,Google Meet,"{Tech, Community, Online, Networking, Free, Education}",Free,https://forms.gle/GtJrgTaiVby6mhSv8
Idea to Interface  A Beginners Guide to UI/UX Design,https://utfs.io/f/XwQF9HrqwfTjfG2Wx9dUX4hNxKH0Sdo1R7QJzgq8UmunyGVb,Sat Apr 26 2025,,Online,"{Graphic Design, Art, Marketing, Tech, Free, Online, Education}",Free,https://docs.google.com/forms/d/1nqANTON-qyw9VhT6-2bzzO8y0sUxWIaqEenVPF3xuXs/viewform?edit_requested=true
CTRL  SHIFT  Google,https://utfs.io/f/XwQF9HrqwfTjKeHBytn4OuWldSU7xfzNFRyPBJbVsiLXT2jq,Sat Apr 26 2025,,"Hatiya Line, R.D, Itahari","{Tech, Community, Local, Education, Networking, Free}",Free,https://forms.gle/By8BxbuUE1ZkYEzy9
IEEE Seminar: Building Academic Impact through Research and Publication,https://utfs.io/f/XwQF9HrqwfTjDOHYj7RNtO4AHMNwciK5yB62C0pe7RgDqhrf,Fri Apr 25 2025,,"Siddhartha Cottage, Dhobighat, Lalitpur","{Tech, Education, Networking, Community}",Rs 200  Rs 1000,https://www.facebook.com/ieeenepal
Python Workshop: The Gateway to Web Development  AI,https://utfs.io/f/XwQF9HrqwfTjA0Cwco9Pxpj6kOt1bgVCRDLuhlGdofnWyvIN,Wed Apr 23 2025,Fri Apr 25 2025,"Skill Shikshya, Sankhamul, Kathmandu","{Tech, Ai, Education, Free, Local}",Free,https://skillshikshya.com/itsnp-x-vrit-workshops-registration/
10Day AI  ML Workshop,https://utfs.io/f/XwQF9HrqwfTjbUBLDISQnULGupAtgZ8vCorJ6S92NKz7hVBl,Wed Apr 23 2025,Fri May 02 2025,Online,"{Ai, Tech, Online, Education}",Free,https://forms.gle/ZgUe1G5zubqAJqA68
Building the Next Breakout Blockchain Startup From Nepal,https://utfs.io/f/XwQF9HrqwfTjzjw30BR0Te9sDf1GFIpEYo4mvtQcHhJ5Ruiz,Wed Apr 23 2025,,Online,"{Blockchain, Tech, Web, Community, Startup, Online, Global, Education}",Free,https://lu.ma/k6owlvhu
Sui HackerHouse Hackathon,https://utfs.io/f/XwQF9HrqwfTjewSKKsEyMnt8l59psZcYFHj6aU17iBJgVwSL,Mon Apr 21 2025,Fri Apr 25 2025,"Techflow Space, Chhauni, Kathmandu","{Ai, Blockchain, Tech, Community, Local}",Free,https://forms.gle/2HYAYgncR4cUJJy19
Photography Contest,https://utfs.io/f/XwQF9HrqwfTjnwGQYLaYW3R9LCEytg0MvVOUz5xklSpBhuif,Mon Apr 21 2025,Sat May 10 2025,Kathmandu University,"{Art, Culture, Local, Community}",Rs. 100 Per Photo,https://forms.gle/Zs4PRNKMuArG8v759
DAJ Community Session,https://utfs.io/f/XwQF9HrqwfTj1Crbgp2z3Wjv6DBdX0OaqwrZizQbg4RuC2c8,Sun Apr 20 2025,,Google Meet,"{Tech, Gaming, Online, Community, Entertainment}",Free,https://meet.google.com/ths-aaui-iuy
AI for Beginners,https://utfs.io/f/XwQF9HrqwfTjYYUdBATviajJ942LktEHeC8IdPpcXxbwmlhs,Sun Apr 20 2025,,Google Meet,"{Ai, Tech, Online, Community}",Free,https://forms.gle/NJodvPLXcYjWCki48
5Days Practical Graphics Designing Training,https://utfs.io/f/XwQF9HrqwfTjDOJwOGjNtO4AHMNwciK5yB62C0pe7RgDqhrf,Sun Apr 20 2025,Thu Apr 24 2025,Online,"{Graphic Design, Education, Art, Community, Online}",Rs 300,https://forms.gle/pAYJBbDgtWBZGfMC6
Crafting a CV That Stands Out,https://utfs.io/f/XwQF9HrqwfTjlHp26iF8mvMGw6BYSlLxnTaruOVzIR54dJqf,Sat Apr 19 2025,,Google Meet,"{Education, Networking, Free, Tech, Community}",Free,https://docs.google.com/forms/d/e/1FAIpQLSdP4UMyYcVDwjFt5aOTML0uFlT9pVRxXAUU1rjvnq0z9V1Vgg/viewform
DevOps Kathmandu Connect 2025,https://utfs.io/f/XwQF9HrqwfTj1qM5D1z3Wjv6DBdX0OaqwrZizQbg4RuC2c8l,Sat Apr 19 2025,,"Kathmandu, Nepal","{Tech, Devops, Community, Local, Networking, Ai, Engineering}",Rs 800,https://connect.devopskathmandu.com/
Perplexity Hackathon,https://utfs.io/f/XwQF9HrqwfTj8EPxCYgq6t3vKOapAV4gmHXFkCS1d0zZBGrU,Wed Apr 16 2025,Thu May 29 2025,Online,"{Ai, Tech, Global, Engineering, Community, Business, Online}",Free,https://perplexityhackathon.devpost.com/
Research Paper 101: From Research to Publication,https://utfs.io/f/XwQF9HrqwfTjGEtYsS2U8RQKEPWNIu1lSLryzmFfCvY0ghn2,Sun Apr 13 2025,,Zoom,"{Education, Tech, Free, Online}",Free,https://docs.google.com/forms/d/e/1FAIpQLSdjDlNldTy6VBAkSpbGVu0hJSCtA6CRmRNur_8Sc4-4SRs26Q/viewform
Research Talk12,https://utfs.io/f/XwQF9HrqwfTjgEmvP4bDA3xOh4e5b2aClskm19TuIMvEKiHU,Sat Apr 12 2025,,Virtual,"{Education, Online, Community, Networking, Free}",Free,https://forms.gle/sxpCtb65LPBYLzaN6
Freelancing and Tech Trends: Unlock Career Opportunities,https://utfs.io/f/XwQF9HrqwfTj70iRTmKeYTiransNmUq72W3HfxwkpM6Q1yGC,Sat Apr 12 2025,,"Texas International College, Mitrapark, Kathmandu","{Tech, Community, Business, Networking, Free, Education}",Free,https://g.co/kgs/68GGddA
AI FOR THE NEXT GEN,https://utfs.io/f/XwQF9HrqwfTjVHmIPuQ37Yns0CP4k2JbBwW5KlE1gyraTe8m,Sat Apr 12 2025,,Hotel Pokhara Grande,"{Ai, Tech, Community, Local, Business, Networking, Free}",Free,https://l.facebook.com/l.php?u=http%3A%2F%2Fcreators.usembassynepal.events%2F%3Ffbclid%3DIwZXh0bgNhZW0CMTAAAR62OSECNv4wdL4SlVdM-hQ6P8eBgnz3qpbMZhWCIZDa73dG27D3BDo0G3G9Wg_aem_ec9nxIccIIFCR9h8z2iCOQ&h=AT2m2aVYvAUVef3myD-YCNqybcGQsq-H9D56XsL_rLuDzpE-KgIiyACL-1Hsz0w6UKyH9RfAmEwcf8uVPJXgZQMqbvK79Wc0XG0-h65vUfpxqKSzCvHgGOum6dWt0Y7txdiZDO46yvTbsqy5&__tn__=R]-R&c[0]=AT1PuI_ctDrP5tgad7z953jf2VeR_EsdqbRtw21e5Fw4Ei1TIB6k0eSaiZVIlCX-XKVrLBsV8xmWdSkPmoHRGEVHtNVJdUENabfY7u2JMPdFr5-KRg3_ITf9UQ6ChDH80ereRhetMYteigq6Wql_xldsuDsWwPNQ_1zEZjyiVqP7ACdu8UhS5CMvbxaFLkw-yaRQ9W4LoY8gKihY6FSBV_C_xg
AI x Web3 Hackathon,https://utfs.io/f/XwQF9HrqwfTjf1NMxiUX4hNxKH0Sdo1R7QJzgq8UmunyGVbs,Fri Apr 11 2025,Sun Apr 13 2025,"HimalAI Hacker House, Kirtipur","{Ai, Blockchain, Networking, Tech, Local, Community}",Free,https://himalai.tech/
Mastering Data  Generative AI on AWS,https://utfs.io/f/XwQF9HrqwfTjEUOWxBA7VSHYTlhIxgK5QmPNo9qEk6c8z3jp,Thu Apr 10 2025,,"Hyatt Centric, Soalteemode, Kathmandu","{Ai, Tech, Education, Engineering, Community}",Free,https://aws-experience.com/apj/smb/e/c4946/mastering-data--generative-ai-on-aws---kathmandu
Student Empowerment and Learning Program,https://utfs.io/f/XwQF9HrqwfTjqMJbVsNlVfZr87osAYxu4HDlmvSQOMPceR3J,Wed Apr 09 2025,Sat Apr 12 2025,"Mechi Multiple Campus, Bhadrapur","{Education, Tech, Community, Local, Networking, Free}",Free,https://docs.google.com/forms/d/e/1FAIpQLScNg8s0XiKVUVzttOEAgkMwOhTMqorEW6ar9s63VD101APRWA/viewform
Bitcoin 2025 Official Hackathon,https://utfs.io/f/XwQF9HrqwfTjLUoo2GWjkBZY0Fdn9vwG5lJ23q4KUMAXQg6f,Mon Apr 07 2025,Thu May 29 2025,Online,"{Blockchain, Tech, Online, Global, Community, Business, Free}",Free,https://btcpp.dev/vegas25
7Day Digital Marketing Workshop,https://utfs.io/f/XwQF9HrqwfTjc2oaVbvgyrSYbhN31O5ZCtUn9pqf7jLWPRBa,Mon Apr 07 2025,Sun Apr 13 2025,Google Meet,"{Marketing, Tech, Education, Online, Community}",Rs. 300,https://forms.gle/NVQ5ucVx1jXpEUFB6
Global AI Bootcamp Kathmandu  2025,https://utfs.io/f/XwQF9HrqwfTjWPYupnieP8myf5nKd9tXM0SDFlVBh3pTR6Za,Sun Apr 06 2025,,"Embark College, Pulchowk, Kathmandu","{Ai, Tech, Community, Local, Education, Networking, Free}",Free,http://tiny.cc/globalaibootcampnepal
Cybersecurity Unlocked: Your Path to a Secure Future,https://utfs.io/f/XwQF9HrqwfTjisBoHMO3oKd0cVfW2RqtDsHNP4wTX8YA6By9,Sun Apr 06 2025,,Google Meet,"{Cybersecurity, Free, Online, Education, Tech, Community, Networking}",Free,https://forms.gle/raMf3TfZchnZMmCcA
UI/UX Designing: 3Day Practical Workshop,https://utfs.io/f/XwQF9HrqwfTj4V8qVgxbfJtwHeACUaQEVR6YyujiW1mxXM53,Sat Apr 05 2025,Mon Apr 07 2025,"Siddhanath Science Campus, Mahendranagar","{Graphic Design, Community, Art, Tech, Education}",NPR 49,https://forms.gle/jmjZtsKUmZ2B8H5J9
Building AI Agents,https://utfs.io/f/XwQF9HrqwfTjgOTVYObDA3xOh4e5b2aClskm19TuIMvEKiHU,Fri Apr 04 2025,,Online,"{Ai, Tech, Online, Community, Free}",Free,https://discord.com/invite/Nem6CcuFUn
Unlocking Digital Rights  Online Safety,https://utfs.io/f/XwQF9HrqwfTjKEVd2A3n4OuWldSU7xfzNFRyPBJbVsiLXT2j,Fri Apr 04 2025,,Google Meet,"{Tech, Education, Cybersecurity, Community, Networking, Free, Online}",Free,https://forms.gle/bD2LAyu2wgd1SqB18
Fulbright Masters Scholarship Virtual Info Session,https://utfs.io/f/XwQF9HrqwfTjgTvgeGbDA3xOh4e5b2aClskm19TuIMvEKiHU,Fri Apr 04 2025,,Zoom,"{Education, Online, Global, Free}",Free,https://us06web.zoom.us/meeting/register/SAh2fZ5tSEq6KSciHGQqwQ#/registration
WordCamp Nepal 2025,https://utfs.io/f/XwQF9HrqwfTj7zFjtZKeYTiransNmUq72W3HfxwkpM6Q1yGC,Fri Apr 04 2025,Sat Apr 05 2025,"Kundalini Durbar Banquet, Chandol, Kathmandu","{Web, Tech, Community, Networking, Physical}",Rs. 20005000,https://nepal.wordcamp.org/2025/
3 Days QA Workshop,https://utfs.io/f/XwQF9HrqwfTjx4KVPADtrn9F6XQ3SCPf2ysERecM4dw7jVzO,Wed Apr 02 2025,Fri Apr 04 2025,"Skill Shikshya, Sankhamul, Kathmandu","{Tech, Education, Online, Local}",Free,https://skillshikshya.com/itsnp-x-vrit-workshops-registration/
Data Engineering in US Healthcare,https://utfs.io/f/XwQF9HrqwfTjZKK2W1YhpMIPs6uRvbctfj2E4wQqJ9rzLohU,Wed Apr 02 2025,,Google Meet,"{Tech, Health, Online, Global, Education}",Free,https://meet.google.com/hba-trfa-bbr?pli=1
Babal Entrepreneurship  Investment Challenge 2025,https://utfs.io/f/XwQF9HrqwfTjMPSEgZmmqc0aAIhY7XHU5slLe19DupwNE4zS,Tue Apr 01 2025,Sat Jun 21 2025,Kathmandu Valley,"{Entrepreneurship, Startup, Networking, Business}",Free,https://linktr.ee/babalchallenge25
Blockchain Fellowship IX,https://utfs.io/f/XwQF9HrqwfTj5qqw2D87zFA9fGIpYj6N1DReMoXqtC4TaSLn,Tue Apr 01 2025,Mon Jun 30 2025,"Sanepa2 Lalitpur, Nepal","{Blockchain, Tech, Education, Networking, Free, Hybrid, Online}",Free,https://forms.gle/ha6SenxkpHMRUp5i9
"Reflections on College, Tech, and Career",https://utfs.io/f/XwQF9HrqwfTjUn5xX3BI6CfPhcdEWGKAjNrFl9nbyR3Vo5pw,Sun Mar 30 2025,,Google Meet,"{Tech, Education, Community, Networking, Free, Online}",Free,https://forms.gle/EKBdaE6Qi3ZR7CsQ7
5Day Graphics Design Workshop,https://utfs.io/f/XwQF9HrqwfTjTik6b10a6ciKvXzrYlSyhNqbJoQ9Eke7VCtj,Sun Mar 30 2025,Fri Apr 04 2025,"Mount Annapurna Campus, Parsyang","{Graphic Design, Art, Community, Tech, Local}",Rs. 80 Or Rs 150,https://forms.gle/qw5yRpF5TP57UPyR9
AlgoArena,https://utfs.io/f/XwQF9HrqwfTjCNIKObVUoNwVS69thjdRGMfYeBZskgPlxumD,Sun Mar 30 2025,Wed Apr 30 2025,Online,"{Tech, Ai, Web, Community, Online, Global, Free}",Free,https://algoarena.devpost.com/
GDG Kathmandu Meetup March,https://utfs.io/f/XwQF9HrqwfTjqfBT1zlVfZr87osAYxu4HDlmvSQOMPceR3Jh,Sun Mar 30 2025,,"Security Pal, Buddhi Sagar Marg","{Tech, Community, Local, Networking, Business}",Rs 350 Or 500,https://forms.gle/oZGrPkt9bsENbZNo9
In Conversation with a Senior Site Reliability Engineer,https://utfs.io/f/XwQF9HrqwfTjf3hiuxUX4hNxKH0Sdo1R7QJzgq8UmunyGVbs,Sat Mar 29 2025,,Online,"{Tech, Devops, Community, Networking, Online, Free}",Free,https://bit.ly/ek_discord
Power BI Workshop,https://utfs.io/f/XwQF9HrqwfTjCjcI6vUVUoNwVS69thjdRGMfYeBZskgPlxum,Fri Mar 28 2025,,"Deerwalk Complex, Sifal, Kathmandu","{Tech, Education, Business, Networking, Free}",Free,https://docs.google.com/forms/d/e/1FAIpQLScAbVs2eany_zb_MAXTfjsNFqvHDu5I_SE9MysL0Ly1KzM6UQ/viewform
Mastering Data Science in 2025,https://utfs.io/f/XwQF9HrqwfTjglyLEwbDA3xOh4e5b2aClskm19TuIMvEKiHU,Thu Mar 27 2025,,Zoom,"{Ai, Tech, Education, Business, Networking, Free, Online}",Free,https://shorturl.at/hzIaj
Youth Hackfest 2025 Nepal,https://utfs.io/f/XwQF9HrqwfTjG8x4bq2U8RQKEPWNIu1lSLryzmFfCvY0ghn2,Thu Mar 27 2025,Mon Mar 31 2025,"Kathmandu University, Dhulikhel","{Tech, Ai, Health, Local, Community, Blockchain, Web, Networking}",Rs 2500 Or 7500,https://wyf2025nepal.com/events/hackathon
Tech Kura Kani: Exploring LLMs and MCP,https://utfs.io/f/XwQF9HrqwfTjtBDq4v1f9humZ1o6f2ydkLXsJFI7xa5zqcRW,Thu Mar 27 2025,,"Naxal, Kathmandu","{Tech, Web, Ai, Community, Networking, Local}",Free,https://lu.ma/10egaibm
AI and Blockchain 101,https://utfs.io/f/XwQF9HrqwfTjtnc6Pyf9humZ1o6f2ydkLXsJFI7xa5zqcRWM,Wed Mar 26 2025,,"Chhauni, Kathmandu","{Ai, Blockchain, Tech, Community, Free, Education}",Free,https://forms.gle/r81y87vXhAhRGs9c6
Cyber Security Career Session,https://utfs.io/f/XwQF9HrqwfTjfMfM7vUX4hNxKH0Sdo1R7QJzgq8UmunyGVbs,Mon Mar 24 2025,,Google Meet,"{Tech, Online, Free, Education}",Free,https://forms.gle/kPUTfggM191uTrxQ9
Digital Marketing Workshop,https://utfs.io/f/XwQF9HrqwfTj6TGOkGZr3PxUHnYM1ELDCImp5JSNdOAWj08B,Mon Mar 24 2025,Thu Mar 27 2025,Google Meet,"{Marketing, Business, Tech, Online, Education, Community}",Free,https://forms.gle/KNKkiZkiyxAMXo5E9
AI x Blockchain Meet,https://utfs.io/f/XwQF9HrqwfTjNyJr00ixLu294R05jGOUXEzDfb8C6sghvIHr,Sun Mar 23 2025,,Google Meet,"{Ai, Blockchain, Tech, Online, Networking, Community}",Free,https://forms.gle/ejWbhqWgiqRVxPy36
"Code, Commit, Collaborate: A Handson GitHub Workshop",https://utfs.io/f/XwQF9HrqwfTj4u0VaJxbfJtwHeACUaQEVR6YyujiW1mxXM53,Sun Mar 23 2025,,"PKMC, Bagbazaar, Kathmandu","{Tech, Devops, Community, Local, Education, Free}",Free,https://bit.ly/4bJBI6T
Exploring PhD/MS Opportunities in the USA,https://utfs.io/f/XwQF9HrqwfTjvf4SJ8XmEuzhkQvb8SyT1LZ26MnCD5xqGNtF,Sat Mar 22 2025,,Google Meet,"{Education, Online, Tech}",Free,https://meet.google.com/qts-rqtp-bge
LinkedIn Optimization and Introduction to Medium,https://utfs.io/f/XwQF9HrqwfTjXWt6CtTrqwfTjOsybvlkWM2S8QnHuDRZ3pa1,Sat Mar 22 2025,,Google Meet,"{Tech, Networking, Marketing, Online, Free, Education}",Free,https://forms.gle/3aB4xdFBog5sphUJ6
MERN Stack Workshop,https://utfs.io/f/XwQF9HrqwfTjLlgmpiWjkBZY0Fdn9vwG5lJ23q4KUMAXQg6f,Mon Mar 17 2025,Fri Mar 21 2025,Online,"{Web, Education, Tech, Community, Free, Online}",Rs 250,https://forms.gle/hrB7tQDaqJWt4G3C8
Free Flutter Workshop,https://utfs.io/f/XwQF9HrqwfTjBqiYQBzGiDYa2Xd0614kqcyEjxzuFLrZpWTm,Mon Mar 17 2025,Sun Mar 23 2025,Online,"{Mobile Development, Education, Tech, Online}",Free,https://chat.whatsapp.com/F4nrXGl09x3DMeOY36aixx
Cybersecurity  Penetration Testing Workshop,https://utfs.io/f/XwQF9HrqwfTjfGGEpzBUX4hNxKH0Sdo1R7QJzgq8UmunyGVb,Mon Mar 17 2025,,"Arambha College, Chitwan, Nepal","{Cybersecurity, Education, Tech, Community}",Free,https://forms.gle/5aHMVwcZUSH1nnxdA
Digital Marketing Bootcamp,https://utfs.io/f/XwQF9HrqwfTjMYhMprmmqc0aAIhY7XHU5slLe19DupwNE4zS,Sun Mar 16 2025,Sat Mar 22 2025,"Kharaayo HQ, Birtamode5, Jhapa","{Marketing, Tech, Education, Free, Local, Business}",Free,https://docs.google.com/forms/d/e/1FAIpQLSf5Yqr7yjzVYqZUA1S8EKgJ_ZiJb9G2Q3udagM_vFL7dzh_0w/viewform?usp=header
Classroom to Career: Navigating Economics and Job Skills,https://utfs.io/f/XwQF9HrqwfTjUFMHcrBI6CfPhcdEWGKAjNrFl9nbyR3Vo5pw,Sun Mar 16 2025,,Zoom Online,"{Education, Business, Networking, Online, Tech}",Free,https://docs.google.com/forms/d/e/1FAIpQLSfFe9dmXaEsn73cCo0pQkBLW89WdumRlE-JcLkv0Yo67YKAOg/viewform
LinkedIn Workshop: Optimize  Grow,https://utfs.io/f/XwQF9HrqwfTjgqGXwabDA3xOh4e5b2aClskm19TuIMvEKiHU,Sun Mar 16 2025,,Google Meet,"{Tech, Community, Networking, Marketing, Online, Free, Education}",Free,https://forms.gle/9BZpsqT4vqvumdXJA
3 Days Digital Marketing Workshop,https://utfs.io/f/XwQF9HrqwfTjgtSoBBybDA3xOh4e5b2aClskm19TuIMvEKiH,Sun Mar 16 2025,Tue Mar 18 2025,Google Meet,"{Marketing, Online, Free, Tech, Education, Business}",Free,https://chat.whatsapp.com/FnMe6kCioMR83eaHFf1f2z
Free 8Days Python  FastAPI Workshop,https://utfs.io/f/XwQF9HrqwfTjZOBnfLhpMIPs6uRvbctfj2E4wQqJ9rzLohUg,Sat Mar 15 2025,Sat Mar 22 2025,Online,"{Web, Education, Tech, Community, Free, Online}",Free,https://itsnp.org/d/81-join-the-free-8-days-python-fastapi-workshop-by-itsnp
Fulbright Masters Scholarship Virtual Info Session,https://utfs.io/f/XwQF9HrqwfTj0KrhZY5bn4gdxRqZ5tYm9soLAPrQiHFO3hBE,Fri Mar 14 2025,,Online,"{Education, Online, Community, Global}",Free,https://us06web.zoom.us/meeting/register/VW2u6usYRLCJbNdi508EGQ#/registration
HoliFest 2025,https://utfs.io/f/XwQF9HrqwfTjS3J0antnxzUmqZ01vVQLFAdYJ5j4erwPaIEB,Thu Mar 13 2025,,"Palette Cafe  Bar, Sanepa Chowk.","{Culture, Entertainment, Free, Community}",Free,https://forms.gle/fr88nuTz7YxZf7yN6
7day React Native Workshop,https://utfs.io/f/XwQF9HrqwfTjjpKuf1ctvZrbUlDyi8xqshRcI60SmNY3MwoJ,Wed Mar 12 2025,Tue Mar 18 2025,Online,"{Tech, Online, Education, Free, Devops}",Free,https://forms.gle/VXJ8Y3CrN41m3vGHA
Session on Statistics  Data Science Opportunities,https://utfs.io/f/XwQF9HrqwfTjSUMHZ7xtnxzUmqZ01vVQLFAdYJ5j4erwPaIE,Tue Mar 11 2025,,Google Meet,"{Data Analysis, Education, Networking, Online, Tech}",Free,https://forms.gle/E6Bzdy8NGM2hc9vV7
Free Digital Marketing Workshop,https://utfs.io/f/XwQF9HrqwfTj5vhkIU87zFA9fGIpYj6N1DReMoXqtC4TaSLn,Mon Mar 10 2025,Wed Mar 12 2025,"Skill Shikshya, Sankhamul","{Marketing, Tech, Free, Education, Business, Networking}",Free,https://skillshikshya.com/itsnp-x-vrit-workshops-registration/
3Day Cybersecurity Bootcamp,https://utfs.io/f/XwQF9HrqwfTj2BgtsfqXSxzpiTehQKu0HEgl753DdLZ1jWYG,Sun Mar 09 2025,Tue Mar 11 2025,Online,"{Cybersecurity, Education, Tech, Online, Community}",Free,https://forms.gle/rPghZHhp5BZGPtss6
DePIN Cash Landing  Kathmandu,https://utfs.io/f/XwQF9HrqwfTjVJgYY0Q37Yns0CP4k2JbBwW5KlE1gyraTe8m,Sun Mar 09 2025,,"Kirtipur, Kathmandu","{Blockchain, Community, Tech, Networking}",Free,https://lu.ma/f59a3vq2
3D Web Design Bootcamp,https://utfs.io/f/XwQF9HrqwfTjpvh3UtuOiayJ85c3eUGqxIFpkmMQhZTKltsH,Sun Mar 09 2025,Sat Mar 15 2025,"Kharaayo HQ, Birtamode5, Jhapa","{Web, Graphic Design, Tech, Community, Education}",Free,https://docs.google.com/forms/d/e/1FAIpQLSfZX7i8eGWYIHgXAYkdM9S5dkfe6yzg5jqYfILwirss3rZ1JQ/viewform
"Mastering AI Agents: Power, Applications, and Innovation",https://utfs.io/f/XwQF9HrqwfTjkmYWYaJDeWApaoNh4nQMRr1SgUKVyqxj8Lud,Sat Mar 08 2025,,Online,"{Ai, Tech, Education, Community, Online, Free}",Free,https://shorturl.at/oX6Yt
DWIT Job Fair 2025,https://utfs.io/f/XwQF9HrqwfTjBqiVPRuGiDYa2Xd0614kqcyEjxzuFLrZpWTm,Sat Mar 08 2025,,"DWIT Sifal, Kathmandu","{Tech, Networking, Startup, Business, Education, Community, Local, Free}",Free,https://docs.google.com/forms/d/e/1FAIpQLScCFCXu9FfCWLOUGvVtW4qORYOF9R2E52wFym0s7pManashKQ/viewform
AWS Women Summit Nepal  2025,https://utfs.io/f/XwQF9HrqwfTjO7jehBkvPF9BEMUaiDmZXYqJRNwetblf3j2g,Sat Mar 08 2025,,"KMC, Bagbazaar, Kathmandu","{Tech, Community, Local, Education, Networking, Devops}","Rs 250 Students, Rs 500 Others",http://kk5.io/AWS_25
SXC SANDBOX 2.0,https://utfs.io/f/XwQF9HrqwfTjOniTOIkvPF9BEMUaiDmZXYqJRNwetblf3j2g,Fri Mar 07 2025,Sun Mar 09 2025,"St. Xaviers College, Maitighar, Kathmandu","{Tech, Local, Community, Networking, Startup, Entrepreneurship, Education}","Rs. 6000, Rs. 5000 Early Bird",https://docs.google.com/forms/d/e/1FAIpQLSevkUo_yj2-X1SsGytUJESvTchQoPH2sTmqcFBouyioW9RFlA/viewform
HerCanvas: Women in Creation,https://utfs.io/f/XwQF9HrqwfTjWQDuGQeP8myf5nKd9tXM0SDFlVBh3pTR6Zau,Fri Mar 07 2025,,"PKMC, Bagbazaar, Kathmandu","{Graphic Design, Art, Free, Tech, Community}",Free,https://forms.gle/hh9aiV272K5Qhx3k7
SCDS TechFest Hackathon 2025,https://utfs.io/f/XwQF9HrqwfTjqzD60tlVfZr87osAYxu4HDlmvSQOMPceR3Jh,Wed Mar 05 2025,Mon Mar 10 2025,Online,"{Ai, Online, Global, Tech, Community}",Free,https://scds-techfest-hackathon-2025.devpost.com/
How to Get into your Dream University,https://utfs.io/f/XwQF9HrqwfTjmVxkLQ4W6sSABi9xU75bOMJXyZLjGwT2DQpk,Wed Mar 05 2025,,Online  Zoom,"{Education, Tech, Global, Community}",Free,https://docs.google.com/forms/d/e/1FAIpQLSfz1ueaxdluiewZTKz6LFx9nUjPQnhWwCcaqyeTnA4sZCmMpA/viewform
7 day JavaScript Workshop,https://utfs.io/f/XwQF9HrqwfTjjh6zMctvZrbUlDyi8xqshRcI60SmNY3MwoJA,Wed Mar 05 2025,Tue Mar 11 2025,Google Meet,"{Web, Tech, Education, Online, Free}",Free,https://chat.whatsapp.com/HpnQ2irxVXU7ctQmAP4V5c
Handson AWS Camp: Exploring EC2  Linux CLI,https://utfs.io/f/XwQF9HrqwfTjU0zRufBI6CfPhcdEWGKAjNrFl9nbyR3Vo5pw,Mon Mar 03 2025,,"St. Xaviers College, Maitighar, Kathmandu","{Devops, Education, Web, Tech}",Free,https://www.meetup.com/aws-cloud-club-in-nepal/events/306118767/
Coding,https://utfs.io/f/XwQF9HrqwfTjbF7tjwSQnULGupAtgZ8vCorJ6S92NKz7hVBl,Sun Mar 02 2025,,Google Meet,"{Tech, Education, Online, Free}",Free,https://forms.gle/ZaC4Pz4BAVw294Q3A
Virtual Graphic Design Training  Mentorship Program,https://utfs.io/f/XwQF9HrqwfTje9AGJoyMnt8l59psZcYFHj6aU17iBJgVwSLC,Sat Mar 01 2025,Fri Mar 07 2025,Online,"{Graphic Design, Education, Community, Tech, Art}",Free,http://bit.ly/3X0Olo0
CSITAN Hackfest,https://utfs.io/f/XwQF9HrqwfTjxewyW2Dtrn9F6XQ3SCPf2ysERecM4dw7jVzO,Fri Feb 28 2025,Sun Mar 02 2025,"Saptagandaki Multiple Campus, Chitwan","{Tech, Community, Ai, Web, Engineering, Robotics, Education, Networking}",Rs. 3000/Team,https://forms.gle/FgGtF1nLFxoCGEP96
Research Talk Shows V,https://utfs.io/f/XwQF9HrqwfTjewgD2jUyMnt8l59psZcYFHj6aU17iBJgVwSL,Thu Feb 27 2025,,"ICTC Hall, Pulchowk Campus","{Education, Tech, Engineering}",Free,https://www.facebook.com/share/p/193fUR1myC/
WOMEN IN LEAD: VOICES THAT MATTER,https://utfs.io/f/XwQF9HrqwfTj8NO7mVgq6t3vKOapAV4gmHXFkCS1d0zZBGrU,Wed Feb 26 2025,,"DHall, Pulchowk Campus","{Community, Education, Networking, Local}",Free,https://www.facebook.com/share/p/14pmhSuFik/
Graphic Design Workshop,https://utfs.io/f/XwQF9HrqwfTj9dz6YSpGP3T2XwU7RnDdmhE5pOgste4LJiAN,Tue Feb 25 2025,,"Skill Shikshya, Sankhamul, Kathmandu","{Tech, Free, Local, Art, Graphic Design, Web, Hybrid}",Free,https://skillshikshya.com/itsnp-x-vrit-workshops-registration/
C Programming Crash Course,https://utfs.io/f/XwQF9HrqwfTjQWbCRZjcrSdfDstpM8NqXgEyn4ujm1ZekGF5,Tue Feb 25 2025,Fri Feb 28 2025,Virtual Zoom,"{Tech, Education, Online, Free, Engineering}",Free,https://bit.ly/c-programming_crash_course
Workshop on Prompt Engineering,https://utfs.io/f/XwQF9HrqwfTjredwSeNLSOglbE0LkcT5DUmj1FNHwf9y3qRu,Tue Feb 25 2025,,"FHall, Pulchowk Campus","{Ai, Tech, Education, Free, Local}",Free,https://www.facebook.com/share/p/18Gch2j7Ht/
Infotech Chess Tournament,https://utfs.io/f/XwQF9HrqwfTjQFuUUQjcrSdfDstpM8NqXgEyn4ujm1ZekGF5,Mon Feb 24 2025,,Patan Multiple Campus,"{Chess, Gaming, Entertainment, Community}",Rs 100,https://docs.google.com/forms/d/e/1FAIpQLSckXpzv1oJDVkJr1AGJy1qpFx-4KxgJt_QPm3_lTR-VLkNCAQ/viewform
Infotech Badminton Tournament,https://utfs.io/f/XwQF9HrqwfTj5KIZbv87zFA9fGIpYj6N1DReMoXqtC4TaSLn,Mon Feb 24 2025,,Patan Multiple Campus,"{Badminton, Community, Tech, Gaming, Entertainment, Physical}",Rs 100 Free For Females,https://docs.google.com/forms/d/e/1FAIpQLSdqSj1X0Hxla4rQaHhJdUshJyoocLgbg7BCHQvTu72dSsM4IA/viewform
Infotech Table Tennis Tournament,https://utfs.io/f/XwQF9HrqwfTjSdCIQGtnxzUmqZ01vVQLFAdYJ5j4erwPaIEB,Mon Feb 24 2025,,Patan Multiple Campus,"{Gaming, Entertainment, Community}",Rs 100 Free For Female Participants,https://docs.google.com/forms/d/e/1FAIpQLScGQAl2yP92_sBkrl_MpJF2KAYX-WiBGYw5VU2aBD1Lq4Te0w/viewform
LOCUS Research Symposium 2025,https://utfs.io/f/XwQF9HrqwfTjXqo308rqwfTjOsybvlkWM2S8QnHuDRZ3pa17,Sun Feb 23 2025,,"ICTC Conference Hall, Pulchowk Campus","{Education, Tech, Networking, Physical}",Free,https://www.nepvents.com/
Global AI Chapter Kathmandu 2025,https://utfs.io/f/XwQF9HrqwfTja3XFULE4HWerXFAqQY8hvoVuwTfGD2spZ3d5,Sun Feb 23 2025,,"Ncell Icon, Lainchaur, Kathmandu","{Ai, Blockchain, Community, Local, Tech, Networking, Free}",Free,https://tiny.cc/globalaichapterkathmandu
AWS GenAI Camp,https://utfs.io/f/XwQF9HrqwfTj671jbJsZr3PxUHnYM1ELDCImp5JSNdOAWj08,Sat Feb 22 2025,,"Patan Multiple Campus, Lalitpur","{Ai, Web, Tech, Community, Local, Free}",Free,https://www.meetup.com/aws-cloud-club-in-nepal/events/306222068/
Global Power Platform Bootcamp 2025,https://utfs.io/f/XwQF9HrqwfTjRGOA83CQgcoIUd2JTBYPGf4NX1LjaH3h7syw,Sat Feb 22 2025,,Microsoft Teams Virtual,"{Tech, Community, Global, Online, Free}",Free,https://frog.ly/GPPB-2025
"Exploring MLSA, GitHub Campus Expert, and Huawei Seeds For The Future",https://utfs.io/f/XwQF9HrqwfTjbfDe5pcSQnULGupAtgZ8vCorJ6S92NKz7hVB,Sat Feb 22 2025,,Google Meet,"{Tech, Education, Networking, Online, Web, Ai, Volunteering}",Free,https://bit.ly/4gCXxGd
1v1 RoboSoccer Championship,https://utfs.io/f/XwQF9HrqwfTjhu996Z7tNXzawdxuByIObAlCLS870jUhemKF,Thu Feb 20 2025,,Pulchowk Campus Ground,"{Engineering, Robotics, Football, Tech, Entertainment}",Rs 2000/Team,https://docs.google.com/forms/d/e/1FAIpQLSd_u4WIJyvviywZ3tcSYd7gcMV5ZHKCklx_y_jS9YN5c8rTvA/viewform
Nepal TechnoFest 2025 Musical Fest,https://utfs.io/f/XwQF9HrqwfTj5PZ2qY87zFA9fGIpYj6N1DReMoXqtC4TaSLn,Thu Feb 20 2025,,IOE Pulchowk Campus Ground,"{Music, Free, Entertainment, Local}",Free,https://www.nepvents.com/
Python Bootcamp 3.0,https://utfs.io/f/XwQF9HrqwfTjfGMZiqjUX4hNxKH0Sdo1R7QJzgq8UmunyGVb,Tue Feb 18 2025,Sat Feb 22 2025,Google Meet,"{Tech, Education, Online, Ai, Data Analysis, Community}",Rs 100,https://forms.gle/ymHgEhJGC1CsF3dr5
Azure AI Developer Hackathon,https://utfs.io/f/XwQF9HrqwfTjxs77tLDtrn9F6XQ3SCPf2ysERecM4dw7jVzO,Tue Feb 18 2025,Fri Mar 28 2025,Online,"{Ai, Tech, Devops, Online, Global}",Free,https://azureaidev.devpost.com/
Research Talk Shows  IV,https://utfs.io/f/XwQF9HrqwfTjb6n4HqSQnULGupAtgZ8vCorJ6S92NKz7hVBl,Mon Feb 17 2025,Tue Feb 18 2025,"ICTC Conference Hall, Pulchowk Campus","{Tech, Education, Community, Local, Free}",Free,https://www.linkedin.com/posts/locusioe_calling-all-aspiring-researchers-activity-7296886220444385280-YXii?utm_source=share&utm_medium=member_desktop&rcm=ACoAADo35mMBlGrYUq9dA6E7xbzjUTP1-8Q7B4s
AWS UG Women in Tech Meetup  GenAI Camp,https://utfs.io/f/XwQF9HrqwfTjSF3TNAtnxzUmqZ01vVQLFAdYJ5j4erwPaIEB,Sun Feb 16 2025,,"WRC, Pokhara","{Tech, Ai, Community, Local, Devops, Web, Networking, Free}",Free,https://lnkd.in/dG4u6ZGr
Networking  Elevating with LinkedIn,https://utfs.io/f/XwQF9HrqwfTjawjGcgE4HWerXFAqQY8hvoVuwTfGD2spZ3d5,Sun Feb 16 2025,,Google Meet,"{Tech, Community, Networking, Online, Free}",Free,https://docs.google.com/forms/d/e/1FAIpQLSdNcUAvHrJUOWp2QovvfxgxIe12yzXwguIRUEk2lvIplRq1yg/viewform
NRCC Panel Discussion 2025,https://eweuey2djw.ufs.sh/f/XwQF9HrqwfTjgtqpmukbDA3xOh4e5b2aClskm19TuIMvEKiH,Sun Feb 16 2025,,"St. Xaviers College, Maitighar, Kathmandu","{Tech, Community, Local, Education, Sustainability, Business, Networking, Free}",Free,https://docs.google.com/forms/d/e/1FAIpQLSfx6_sGJ33ixEl6tJTiCqaVObZj8sKd6uYfjHzzYDRONV5xkw/viewform
Nepal Cloud Azure Camp,https://utfs.io/f/XwQF9HrqwfTjzn5vHhR0Te9sDf1GFIpEYo4mvtQcHhJ5Ruiz,Sat Feb 15 2025,,Microsoft Teams,"{Web, Tech, Devops, Community, Networking, Free, Online}",Free,https://forms.microsoft.com/r/q2NZr5YUhF
Hackathon 2025,https://utfs.io/f/XwQF9HrqwfTjF437Vl0MhOLcf4kR1AyQxHdrg57MiIWjnPBY,Sat Feb 15 2025,Sun Feb 16 2025,Kathford International College,"{Tech, Local, Community, Networking, Web, Blockchain, Ai, Engineering}","NPR 7,000 Per Team",https://docs.google.com/forms/d/1tPpeyBB4Te5Pum1a_KZhf7lYoz0NHhUBC-jeVV2GZjQ/viewform?edit_requested=true
VOX ASTRA 300k Prize Pool,https://d112y698adiu2z.cloudfront.net/photos/production/challenge_thumbnails/003/193/880/datas/medium_square.png,Sat Feb 15 2025,Sun Feb 23 2025,Online,"{Tech, Community, Online, Health, Local, Free}",Free,https://vox-astra.devpost.com/
AWS GenAI Meetup 2025,https://utfs.io/f/XwQF9HrqwfTjTrMC8j0a6ciKvXzrYlSyhNqbJoQ9Eke7VCtj,Fri Feb 14 2025,,"Genese Solution, Bakhundole","{Ai, Tech, Community, Local, Networking, Free}",Free,https://shorturl.at/yxm1a
Global AI Agents League,https://utfs.io/f/XwQF9HrqwfTjzgtE6kR0Te9sDf1GFIpEYo4mvtQcHhJ5Ruiz,Fri Feb 14 2025,Wed Apr 09 2025,Online,"{Ai, Blockchain, Tech, Online, Global}",Free,https://fetch-ai-hackathon.devpost.com/
National School Team Chess Tournament 2081,https://utfs.io/f/XwQF9HrqwfTj07uRUM5bn4gdxRqZ5tYm9soLAPrQiHFO3hBE,Thu Feb 13 2025,Sat Feb 15 2025,"Khwopring English School, Bhaktapur","{Physical, Chess}",Rs 1000/Team,https://www.facebook.com/buddhichal/posts/pfbid02R1Gikk2592FYm25XCk1d34bTQ334a2TUQK7iG2ov9CK8F3Me65J8VXM3H8fjin2el
Spardha 3.0 Futsal Competition,https://utfs.io/f/XwQF9HrqwfTjbGOCWySQnULGupAtgZ8vCorJ6S92NKz7hVBl,Wed Feb 12 2025,,To be decided,"{Football, Physical, Community}",Free,https://forms.gle/uVBjYwtCtZpBnqfV8
Building the NextGen Agentic App with GraphRAG  NVIDIA cuGraph,https://utfs.io/f/XwQF9HrqwfTjtgx6H0f9humZ1o6f2ydkLXsJFI7xa5zqcRWM,Wed Feb 12 2025,Sun Mar 09 2025,Online,"{Ai, Tech, Online, Global, Free, Blockchain, Data Analysis, Engineering}",Free,https://arangodbhackathon.devpost.com/
PLC  HMI Workshop,https://utfs.io/f/XwQF9HrqwfTjLUrVVXWjkBZY0Fdn9vwG5lJ23q4KUMAXQg6f,Tue Feb 11 2025,Thu Feb 13 2025,Pulchowk Campus,"{Tech, Education, Engineering, Community}",Rs 100 Refundable,https://docs.google.com/forms/d/e/1FAIpQLSeXNT9fqd_KnoPz2fZ63YxE8kGfoJJYLjiqipl7Nz8AyvUMYg/viewform
Spardha 3.0 Idea Pitching Competition,https://utfs.io/f/XwQF9HrqwfTj9SuxAQpGP3T2XwU7RnDdmhE5pOgste4LJiAN,Tue Feb 11 2025,,To be decided,"{Business, Pitching, Networking, Entrepreneurship, Startup}",Free,https://forms.gle/uVBjYwtCtZpBnqfV8
Spardha 3.0 Hackathon Competition,https://utfs.io/f/XwQF9HrqwfTj7a1oyjNKeYTiransNmUq72W3HfxwkpM6Q1yG,Mon Feb 10 2025,Tue Feb 11 2025,To be decided,"{Ai, Web, Tech, Blockchain, Engineering, Community, Pitching}",Free,https://forms.gle/uVBjYwtCtZpBnqfV8
Research Talk Shows  II,https://utfs.io/f/XwQF9HrqwfTjFhLIEdMhOLcf4kR1AyQxHdrg57MiIWjnPBYS,Mon Feb 10 2025,Tue Feb 11 2025,"ICTC Conference Hall, Pulchowk Campus","{Tech, Education, Community, Local, Engineering}",Free,https://www.nepvents.com/
Spardha 3.0 Quiz Competition,https://utfs.io/f/XwQF9HrqwfTjrr0YtvLSOglbE0LkcT5DUmj1FNHwf9y3qRud,Mon Feb 10 2025,,To be decided,"{Education, Community, Networking, Physical}",Free,https://forms.gle/uVBjYwtCtZpBnqfV8
Resume Building Workshop,https://utfs.io/f/XwQF9HrqwfTjNMgQ1SixLu294R05jGOUXEzDfb8C6sghvIHr,Sun Feb 09 2025,,Google Meet,"{Tech, Education, Online, Free, Networking}",Free,https://bit.ly/42Gtg5L
CodeYatra 2025,https://utfs.io/f/XwQF9HrqwfTjULEW4SBI6CfPhcdEWGKAjNrFl9nbyR3Vo5pw,Sun Feb 09 2025,Tue Feb 11 2025,Himalayan College of Engineering,"{Ai, Web, Tech, Mobile Development, Engineering, Robotics, Community}",Rs 5000/Team,https://forms.gle/AdmctKdKMVyAdpxi9
"Nova Hacks III  Feature Article, 29K NonCash Prize",https://d112y698adiu2z.cloudfront.net/photos/production/challenge_thumbnails/003/256/189/datas/medium_square.png,Sun Feb 09 2025,Sat Mar 08 2025,Online,"{Tech, Environment, Sustainability, Online, Global, Community, Education}",Free,https://nova-hacks-iii.devpost.com/
CodeFlow,https://utfs.io/f/XwQF9HrqwfTj2F4i98JqXSxzpiTehQKu0HEgl753DdLZ1jWY,Sun Feb 09 2025,Fri Feb 14 2025,Online,"{Web, Tech, Online, Global, Ai, Graphic Design, Engineering}",Free,https://codeflow.devpost.com/
Design Workshop 2025,https://utfs.io/f/XwQF9HrqwfTjfGMvL90UX4hNxKH0Sdo1R7QJzgq8UmunyGVb,Sun Feb 09 2025,Thu Feb 13 2025,"DoECE, Pulchowk Campus","{Tech, Education, Free, Graphic Design, Community, Networking}",Free,https://itclub.pcampus.edu.np/register-event
Empowering Youth in IT Python Workshop,https://utfs.io/f/XwQF9HrqwfTjYJPZ7XTviajJ942LktEHeC8IdPpcXxbwmlhs,Sun Feb 09 2025,Sat Feb 15 2025,Online,"{Tech, Education, Online}",Affordable,https://chat.whatsapp.com/Iuphsl5a9Os0x6bKPgKYMG
Brain Meet Bytes: A Gen AI Talent Hunt,https://utfs.io/f/XwQF9HrqwfTjTI3Zh0a6ciKvXzrYlSyhNqbJoQ9Eke7VCtjO,Fri Feb 07 2025,,"Seattle, USA","{Ai, Tech, Business, Networking, Startup, Pitching, Hybrid, Online, Global}",Free,https://lu.ma/mfm8cwi1
Git  Github Workshop,https://utfs.io/f/XwQF9HrqwfTjfGksKsKUX4hNxKH0Sdo1R7QJzgq8UmunyGVb,Thu Feb 06 2025,,Sagarmatha College of Science and Technology,"{Tech, Devops, Community, Education, Free, Online}",Free,https://discord.com/invite/yUUxNnFHC5
Research Talk Shows  I,https://utfs.io/f/XwQF9HrqwfTjalfvnME4HWerXFAqQY8hvoVuwTfGD2spZ3d5,Tue Feb 04 2025,Wed Feb 05 2025,"ICTC Conference Hall, Pulchowk Campus","{Tech, Education, Local, Free}",Free,https://www.facebook.com/photo?fbid=538137952611072&set=a.108328982258640
Web Scraping 101,https://utfs.io/f/XwQF9HrqwfTjbftkUHGSQnULGupAtgZ8vCorJ6S92NKz7hVB,Tue Feb 04 2025,Wed Feb 05 2025,"DOECE 302, Pulchowk Campus","{Web, Tech, Free, Ai, Networking}",Free,https://shorturl.at/P7DrN
Digital Jam,https://utfs.io/f/XwQF9HrqwfTj0zqMfb5bn4gdxRqZ5tYm9soLAPrQiHFO3hBE,Tue Feb 04 2025,Fri Feb 28 2025,Online,"{Tech, Online, Global, Community}",Free,https://digital-jam.devpost.com/
Research Paper Reading Session,https://utfs.io/f/XwQF9HrqwfTjbgix76SQnULGupAtgZ8vCorJ6S92NKz7hVBl,Mon Feb 03 2025,,Online,"{Tech, Environment, Sustainability, Online, Free, Education}",Free,https://docs.google.com/forms/d/e/1FAIpQLSciJAh3yxfoj9v96Pmt0tN9ZQEpPm4pvO2XZUKc8u3bGvg-qg/viewform
AWS GenAI Camp,https://utfs.io/f/XwQF9HrqwfTjBsMApNGiDYa2Xd0614kqcyEjxzuFLrZpWTmw,Sun Feb 02 2025,,"Himalaya College of Engineering, Lalitpur","{Ai, Web, Tech, Devops, Community, Local, Education, Free}",Free,https://forms.gle/EVvw8jwbp3PZqGh97
"Research Workshop, IEEE Pulchowk Campus",https://utfs.io/f/XwQF9HrqwfTjQxyQlJjcrSdfDstpM8NqXgEyn4ujm1ZekGF5,Sat Feb 01 2025,Sun Feb 02 2025,Virtual,"{Education, Online, Tech, Community, Networking}",Free,https://forms.gle/prbJTCUmHRSpMP6Q8
MLX Hackathon,https://utfs.io/f/XwQF9HrqwfTjSUqUxigtnxzUmqZ01vVQLFAdYJ5j4erwPaIE,Sat Feb 01 2025,Wed Feb 26 2025,Online,"{Ai, Global, Online, Tech, Engineering}",Free,https://mlx-hack-2025.devpost.com/
FutureForge,https://utfs.io/f/XwQF9HrqwfTjADSEb9Pxpj6kOt1bgVCRDLuhlGdofnWyvIN7,Sat Feb 01 2025,Tue Feb 25 2025,Online,"{Health, Education, Global, Tech, Ai, Sustainability, Community, Online}",Free,https://futureforge.devpost.com/
Data Science Bootcamp Orientation,https://utfs.io/f/XwQF9HrqwfTjYRU1UUTviajJ942LktEHeC8IdPpcXxbwmlhs,Sat Feb 01 2025,,"Kanti Path, Kathmandu","{Education, Tech, Business, Networking, Online, Hybrid}",Free,https://forms.gle/r7G1ZabrTnmunMY39
ROBOTHON,https://utfs.io/f/XwQF9HrqwfTjOs9zNB2kvPF9BEMUaiDmZXYqJRNwetblf3j2,Fri Jan 31 2025,Sun Feb 02 2025,"IOE, Purwanchal Campus","{Engineering, Robotics, Tech}",Rs 2500/Team,https://docs.google.com/forms/d/e/1FAIpQLScX8RpMDS7-T3VJNYoq64dvW1ZwcABvoo0yk0YDjdffyjceGA/viewform
Grand Hackathon DELTA 2025,https://utfs.io/f/XwQF9HrqwfTjBq4jpd4GiDYa2Xd0614kqcyEjxzuFLrZpWTm,Fri Jan 31 2025,Sun Feb 02 2025,"IOE, Purwanchal Campus","{Tech, Ai, Web, Engineering, Robotics, Community}",Rs 25003500/Team,https://forms.gle/jF8eB5iaEKq8dKaa9
NTBNS Quiz Competition 2081,https://utfs.io/f/XwQF9HrqwfTjivPaisO3oKd0cVfW2RqtDsHNP4wTX8YA6By9,Wed Jan 29 2025,,"Sagarmatha Engineering College, Sanepa, Lalitpur","{Tech, Education, Local, Free, Community}",Free,https://forms.gle/rStaZF9YFQTZDPn47
NTBNS Art Competition 2081,https://utfs.io/f/XwQF9HrqwfTj1YqRkFz3Wjv6DBdX0OaqwrZizQbg4RuC2c8l,Wed Jan 29 2025,,"Sagarmatha Engineering College, Sanepa, Lalitpur","{Art, Community, Local, Free}",Free,https://docs.google.com/forms/d/e/1FAIpQLSd4k2zi7uNivfHAghnVCxVt4zie-h7H7UDNNVIsof0gPbn-0Q/viewform
Yathartha Dataverse 2025,https://utfs.io/f/XwQF9HrqwfTjiSlhi6O3oKd0cVfW2RqtDsHNP4wTX8YA6By9,Wed Jan 29 2025,,IOE Thapathali Campus,"{Ai, Tech, Local, Community, Networking}",NPR 100 Per Team,https://forms.gle/A3a8wRGqq8Sg3DrY7
Clash of Code,https://utfs.io/f/XwQF9HrqwfTjNsElZrixLu294R05jGOUXEzDfb8C6sghvIHr,Tue Jan 28 2025,,"IOE Thapathali Campus, Thapathali","{Ai, Web, Tech, Engineering, Community, Networking}",Rs 100,https://docs.google.com/forms/d/e/1FAIpQLSe7AyV9U-Tfox225Hj0HbbGtVBHv3ON3DfPWmRL6PFd3G-bhQ/viewform
Airavat Innovates,https://utfs.io/f/XwQF9HrqwfTjA3no659Pxpj6kOt1bgVCRDLuhlGdofnWyvIN,Sun Jan 26 2025,Tue Jan 28 2025,Online,"{Ai, Web, Tech, Global, Online, Community}",Free,https://airavat-innovate.devpost.com/
Maths Olympiad,https://utfs.io/f/XwQF9HrqwfTjtwFxvgf9humZ1o6f2ydkLXsJFI7xa5zqcRWM,Sat Jan 25 2025,,"K.K. International School, Dharan","{Education, Physical, Local, Community}",Rs 100/Team,https://forms.gle/yef81pfS2QkJ1JQE8
Build Your Own AI Chat Bot,https://utfs.io/f/XwQF9HrqwfTjXHyXtdrqwfTjOsybvlkWM2S8QnHuDRZ3pa17,Sat Jan 25 2025,Fri Mar 14 2025,Online,"{Ai, Tech, Online, Global, Free}",Free,https://build-your-own-ai-chat-bot.devpost.com/
Full Stack Development Bootcamp,https://utfs.io/f/XwQF9HrqwfTjUotywEBI6CfPhcdEWGKAjNrFl9nbyR3Vo5pw,Sat Jan 25 2025,,"Above Mandala Book Point, Kanti Path, Kathmandu","{Web, Tech, Community, Education, Free, Hybrid}",Free,https://docs.google.com/forms/d/e/1FAIpQLScjVOXiEZkep3JYr7Rd6fj2g8fAo0qDS1p0htQIVxvWmO0Lig/viewform
Tech Students Meetup,https://utfs.io/f/XwQF9HrqwfTj4cKOb1xbfJtwHeACUaQEVR6YyujiW1mxXM53,Sat Jan 25 2025,,"Uniglobe College, New Baneshwor","{Tech, Web, Devops, Ai, Engineering, Community}",Free,https://docs.google.com/forms/d/e/1FAIpQLSe-zLKDpq3PMn6_Y0suFuJ16JKyw7ko018AMVFOE0Ro9sG_aw/viewform
LOCUS 2025,https://utfs.io/f/XwQF9HrqwfTjucNcI31nIXAgb8aDPqW1SsQGdevkh60Yzo3E,Fri Jan 24 2025,Sun Jan 26 2025,"Pulchowk Campus, Lalitpur","{Ai, Web, Tech, Mobile Development, Engineering, Community, Volunteering, Networking, Free}",Free,https://www.locus.com.np/
Financial Literacy Class,https://utfs.io/f/XwQF9HrqwfTjESiRmDA7VSHYTlhIxgK5QmPNo9qEk6c8z3jp,Fri Jan 24 2025,,Sun Securities Pvt. Ltd,"{Community, Education, Business, Entrepreneurship, Pitching, Marketing}",Free,https://forms.gle/zFa8Qp2DhxjQbZ5M6
Live Session with Geshan Manandhar,https://utfs.io/f/XwQF9HrqwfTj2EB8f7qXSxzpiTehQKu0HEgl753DdLZ1jWYG,Thu Jan 23 2025,,Google Meet,"{Web, Tech, Devops, Engineering}",Free,https://discord.com/invite/hFq7FACdJk
ReactJS Bootcamp,https://utfs.io/f/XwQF9HrqwfTjCtw1d4VUoNwVS69thjdRGMfYeBZskgPlxumD,Thu Jan 23 2025,Sat Jan 25 2025,Online Zoom,"{Web, Tech, Online, Education}",Free,https://docs.google.com/forms/d/e/1FAIpQLSfSO5-qpyDDU8AY9y5d7fHMzREd3tFlGSPQ4leHM7hWK8zyeQ/viewform
Master AI with LLMs  RAG Workshop,https://utfs.io/f/XwQF9HrqwfTjtBFdKTTf9humZ1o6f2ydkLXsJFI7xa5zqcRW,Mon Jan 20 2025,Wed Jan 22 2025,Online,"{Ai, Online, Tech, Community, Free}",Free,https://itclub.pcampus.edu.np/register-event
Vault and Terraform for Absolute Beginners,https://utfs.io/f/XwQF9HrqwfTjF4HYlEkMhOLcf4kR1AyQxHdrg57MiIWjnPBY,Sat Jan 18 2025,,"Sagarmatha College of Science and Technology, Sanepa, Lalitpur","{Tech, Devops, Education, Free}",Free,https://www.meetup.com/nepal-hashicorp-user-group/events/305265028/
Umee gRPC Hackathon,https://utfs.io/f/XwQF9HrqwfTj8I5hq6gq6t3vKOapAV4gmHXFkCS1d0zZBGrU,Sat Jan 18 2025,Mon Jan 20 2025,Online,"{Tech, Devops, Online, Global}",Free,https://umee-grpc-hackathon-23514.devpost.com/
IngeniumSTEM Winter Hacks 1.0,https://utfs.io/f/XwQF9HrqwfTjMhT1enmmqc0aAIhY7XHU5slLe19DupwNE4zS,Fri Jan 17 2025,Sun Mar 30 2025,Online,"{Ai, Web, Tech, Education, Sustainability, Online}",Free,https://ingeniumstem-winter-hacks-1-0.devpost.com/
iHack,https://utfs.io/f/XwQF9HrqwfTjmDNC90h4W6sSABi9xU75bOMJXyZLjGwT2DQp,Fri Jan 17 2025,Thu Jan 23 2025,Online,"{Education, Tech, Online, Ai, Global, Free}",Free,https://i-hack-23618.devpost.com/
Talk Series II: Team Building  Collaboration,https://utfs.io/f/XwQF9HrqwfTjNjch4UixLu294R05jGOUXEzDfb8C6sghvIHr,Thu Jan 16 2025,,"Embark College, Pulchowk, Lalitpur","{Community, Business, Networking, Startup, Free, Marketing, Pitching, Entrepreneurship}",Free,https://docs.google.com/forms/d/e/1FAIpQLSeJTcQbi3LJg6OSdFTEdXnBgVI3gnqcpFYmTQzOc9sGrO4Y-Q/viewform
Integration for AI/GenAI Hackathon,https://d2dmyh35ffsxbl.cloudfront.net/assets/defaults/thumbnail-placeholder-8c916ef4da99a222ce6ece077c71c7e282f071f830747b2abb5718018cbfa699.gif,Wed Jan 15 2025,Mon Feb 03 2025,Online,"{Ai, Tech, Online, Global}",Free,https://genaihackathon.devpost.com/
Workshop on AI  ML,https://utfs.io/f/XwQF9HrqwfTjAVAM579Pxpj6kOt1bgVCRDLuhlGdofnWyvIN,Wed Jan 15 2025,Sat Jan 18 2025,"Pulchowk Campus, Embark College","{Ai, Tech, Free, Physical}",Free,https://lu.ma/yirr43kx
"Nosu AI Hackathon 11,300 prizes",https://utfs.io/a/eweuey2djw/XwQF9HrqwfTjtBJmdAOf9humZ1o6f2ydkLXsJFI7xa5zqcRW,Fri Jan 10 2025,Thu Jan 16 2025,Online,"{Ai, Tech, Online, Hybrid}",Free,https://nosu-ai-hackathon.devpost.com/
Global Hack Week: Beginners,https://d112y698adiu2z.cloudfront.net/photos/production/challenge_thumbnails/003/200/753/datas/medium_square.jpg,Thu Jan 09 2025,,Online,"{Tech, Community, Online}",Free,https://ghw-beginners-2025.devpost.com/
Iris Hacks II,https://utfs.io/a/eweuey2djw/XwQF9HrqwfTj2YAI7uqXSxzpiTehQKu0HEgl753DdLZ1jWYG,Thu Jan 09 2025,Mon Jan 13 2025,Online,"{Ai, Web, Tech, Education, Online, Global}",Free,https://iris-hacks-ii.devpost.com/
Electroneum Hackathon 2025,https://utfs.io/f/XwQF9HrqwfTjUb6afIBI6CfPhcdEWGKAjNrFl9nbyR3Vo5pw,Tue Jan 07 2025,Fri Mar 07 2025,Online,"{Blockchain, Tech, Online, Global}",Free,https://electroneum-hackathon-2025.devpost.com/
ENERGY HACKATHON 8.0,https://utfs.io/f/XwQF9HrqwfTjzrQalTR0Te9sDf1GFIpEYo4mvtQcHhJ5Ruiz,Mon Jan 06 2025,Sat Jan 11 2025,"Nepal Energy Innovation Center, Kathmandu","{Tech, Engineering, Community, Environment, Sustainability}",Free,https://bit.ly/Energy_Hackathon_8
NextAI Hack,https://utfs.io/f/XwQF9HrqwfTj0ijnMv5bn4gdxRqZ5tYm9soLAPrQiHFO3hBE,Tue Dec 31 2024,Sun Mar 02 2025,Online,"{Ai, Tech, Online, Community, Global}",Free,https://nextai-hack-students-only.devpost.com/
SXC HR Conclave  Career Expo 2024,https://utfs.io/f/XwQF9HrqwfTjf7ojC7UX4hNxKH0Sdo1R7QJzgq8UmunyGVbs,Mon Dec 16 2024,Tue Dec 17 2024,"St. Xaviers College, Maitighar, Kathmandu","{Tech, Community, Business, Networking, Marketing, Startup, Education, Free, Local}",Free,https://sxc.edu.np/p/sxc-hr-conclave-career-expo-2024-15595
Learning Utsav,https://utfs.io/a/eweuey2djw/XwQF9HrqwfTjzkIQ0CR0Te9sDf1GFIpEYo4mvtQcHhJ5Ruiz,Wed Oct 02 2024,Sat Nov 02 2024,Virtual,"{Free, Online, Tech, Ai, Community}",Free,https://www.learningutsav.com/
Leapfrog Frogtober Fest 2024,https://www.nepvents.com/dummy.jpg,Tue Oct 01 2024,Thu Oct 31 2024,"St Xavier, Maitighar, Kathmandu","{Free, Online, Tech, Ai, Community, Web}",Free,https://frogtoberfest.lftechnology.com/
