title,url,image,start_date,end_date,location,tags,price
AIAssisted Disease Screening  HandsOn Bootcamp and HealthHack 2025,https://www.nepvents.com/events/cmdq3lh67000k92uypc6d1o07,https://utfs.io/f/XwQF9HrqwfTjmkmqnT4W6sSABi9xU75bOMJXyZLjGwT2DQpk,Fri Aug 15 2025,Fri Sep 12 2025,"BP Eye Foundation, Madhyapur Thimi","{Ai, Health, Engineering, Hybrid, Free, Tech, Community, Education}",Free
District Level Robotics Competition 2025,https://www.nepvents.com/events/cmdzy81jb000cqiux8j77wmkg,https://utfs.io/f/XwQF9HrqwfTjNMtyJzixLu294R05jGOUXEzDfb8C6sghvIHr,Fri Aug 08 2025,,"Siddhartha Cottage, Milan Chowk, Butwal","{Tech, Robotics, Engineering, Local, Community, Education}",NPR 1000 Per Team
QTalk Series Ep 7,https://www.nepvents.com/events/cmdcp48di0004afuy0vwpwsp6,https://utfs.io/f/XwQF9HrqwfTjDIFp7tNtO4AHMNwciK5yB62C0pe7RgDqhrfb,Sat Aug 09 2025,,Zoom,"{Tech, Community, Online, Free, Education}",Free
Cybersecurity Unlocked Workshop,https://www.nepvents.com/events/cmdxv8u2n0000qkuynqmjzynm,https://utfs.io/f/XwQF9HrqwfTjRdKDwbCQgcoIUd2JTBYPGf4NX1LjaH3h7syw,Sun Aug 10 2025,Fri Aug 15 2025,"Synthbit Technologies, Amarpath, Butwal","{Cybersecurity, Tech, Networking, Education, Community}",Rs. 200
CSITAN Networking Bootcamp 2082,https://www.nepvents.com/events/cmd7mom720008afuy23lhdwsn,https://utfs.io/f/XwQF9HrqwfTjfGqLSvgUX4hNxKH0Sdo1R7QJzgq8UmunyGVb,Sun Aug 10 2025,Tue Aug 12 2025,"Horizon Gautam Buddha School, Drivertole, Tilottama05","{Tech, Networking, Engineering, Education, Community, Physical}",Rs. 500
"Youth in Diplomacy, Foreign Policy  International Relations",https://www.nepvents.com/events/cmdq2snp4000g92uyv6wo01wn,https://utfs.io/f/XwQF9HrqwfTjgtS18fqbDA3xOh4e5b2aClskm19TuIMvEKiH,Sun Aug 10 2025,,"Singh Durbar, Kathmandu","{Community, Networking, Local}",Free
Getting Started with AI Agents Workshop,https://www.nepvents.com/events/cme02lxqh000kqiuxyu9w8vtz,https://utfs.io/f/XwQF9HrqwfTja9zMZgzE4HWerXFAqQY8hvoVuwTfGD2spZ3d,Mon Aug 11 2025,,"Kantipur Engineering College, Dhapakhel","{Ai, Tech, Community, Education, Free, Web}",Free
Software Fellowship 2.0,https://www.nepvents.com/events/cmdoe3xyq000492uybr3pr1hr,https://utfs.io/f/XwQF9HrqwfTj4nKWU3xbfJtwHeACUaQEVR6YyujiW1mxXM53,Tue Aug 12 2025,Fri Aug 15 2025,Pulchowk,"{Tech, Free, Education, Web, Community, Devops}",Free
NCIT Tech Competition 2.0,https://www.nepvents.com/events/cmdom038m000a92uymkdwr2ou,https://utfs.io/f/XwQF9HrqwfTjSwxdLDtnxzUmqZ01vVQLFAdYJ5j4erwPaIEB,Fri Aug 15 2025,,NCIT,"{Tech, Education, Ai, Web, Graphic Design, Free, Community, Networking}",Free
Meetup 49: From Ideas to Impact,https://www.nepvents.com/events/cmdzwt7k80002qiuxkvxfojnf,https://utfs.io/f/XwQF9HrqwfTjlXNtj0F8mvMGw6BYSlLxnTaruOVzIR54dJqf,Sat Aug 16 2025,,"Vivanta Kathmandu, Jhamsikhel Road, Lalitpur","{Tech, Blockchain, Community, Networking, Local, Business}",Free
CyberUtsav 2.0,https://www.nepvents.com/events/cmdpzw17s000e92uyo6lr4rsr,https://utfs.io/f/XwQF9HrqwfTj0v8XbG5bn4gdxRqZ5tYm9soLAPrQiHFO3hBE,Wed Aug 27 2025,Sun Sep 14 2025,"Kathmandu, Pokhara, Chitwan, Itahari","{Tech, Community, Web, Free, Ai, Networking, Volunteering, Graphic Design, Mobile Development, Blockchain}",Free
LICT Hackathon,https://www.nepvents.com/events/cmdzypbt2000eqiux4g9vw63f,https://utfs.io/f/XwQF9HrqwfTjG6ewKE2U8RQKEPWNIu1lSLryzmFfCvY0ghn2,Mon Sep 01 2025,Wed Sep 03 2025,"Lumbini ICT Campus, Gaidakot, Nawalpur","{Tech, Education, Web, Community, Ai, Blockchain, Graphic Design, Mobile Development, Robotics, Environment}",Rs. 500/Person
Programmers Unknown Battleground,https://www.nepvents.com/events/cmd2ifcum0002a2uy7u4zcuoz,https://utfs.io/f/XwQF9HrqwfTjCljMK8VUoNwVS69thjdRGMfYeBZskgPlxumD,To be Decided,,"Birtamode, Jhapa","{Tech, Community, Local, Networking, Blockchain, Ai, Graphic Design, Web, Engineering}",Rs 2000/Team
NEPALUS AI HACKATHON,https://www.nepvents.com/events/cmcplrxwe00067wuyfec9qui2,https://utfs.io/f/XwQF9HrqwfTjn3bRiuaYW3R9LCEytg0MvVOUz5xklSpBhuif,Sun Aug 17 2025,Sun Aug 24 2025,U.S.,"{Ai, Tech, Community, Networking, Online, Engineering}",Free
Building The Future : Generative AI  CloudFormation on AWS,https://www.nepvents.com/events/cmdzwl1220000qiuxoqmfnu84,https://utfs.io/f/XwQF9HrqwfTjzXcVA4R0Te9sDf1GFIpEYo4mvtQcHhJ5Ruiz,Wed Aug 20 2025,,"Chamber of Industries Morang, Biratnagar","{Ai, Tech, Community, Online, Local, Education}",Free
Google I/O Extended Lite Kathmandu 2025,https://www.nepvents.com/events/cme016lse000iqiuxubq7sqpc,https://utfs.io/f/XwQF9HrqwfTj4lak3uxbfJtwHeACUaQEVR6YyujiW1mxXM53,Sat Aug 23 2025,,Kathmandu,"{Tech, Web, Ai, Community, Networking, Local}","Student: 600, Professionals: 800"
UbuCon Asia 2025,https://www.nepvents.com/events/cm7qbzsoh00004lql2dgklp1c,https://utfs.io/f/XwQF9HrqwfTjmXVvJF4W6sSABi9xU75bOMJXyZLjGwT2DQpk,Sat Aug 30 2025,Mon Sep 01 2025,"St. Xaviers College, Maitighar, Kathmandu","{Tech, Engineering, Community, Networking}",Rs 2000  3500
Obstetric Ultrasound AI Hackathon,https://www.nepvents.com/events/cmdzxheew000aqiuxb1eixy21,https://utfs.io/f/XwQF9HrqwfTjhPotLT7tNXzawdxuByIObAlCLS870jUhemKF,Thu Nov 06 2025,Fri Nov 07 2025,"Kampala, Uganda","{Ai, Health, Online, Hybrid, Global, Education, Community, Local, Sustainability}",Free
UI/UX Design Workshop,https://www.nepvents.com/events/cmdhlvgx4000g8yuyp152mnc7,https://utfs.io/f/XwQF9HrqwfTjF44n6Q5MhOLcf4kR1AyQxHdrg57MiIWjnPBY,Sun Jul 27 2025,Sun Aug 17 2025,Google Meet,"{Tech, Graphic Design, Online, Free, Education}",Free
MATLAB and Simulink Workshop,https://www.nepvents.com/events/cmdlvbn85000i7kuykd28fplt,https://utfs.io/f/XwQF9HrqwfTjpO5Dw0uOiayJ85c3eUGqxIFpkmMQhZTKltsH,Sun Aug 03 2025,Thu Aug 07 2025,Pulchowk Campus,"{Engineering, Robotics, Education, Tech, Community}",NRs. 200
Thrive Hackathon 2025,https://www.nepvents.com/events/cmdn04kjm000k7kuyd1y430e0,https://utfs.io/f/XwQF9HrqwfTjxnYlcBDtrn9F6XQ3SCPf2ysERecM4dw7jVzO,Thu Aug 07 2025,Fri Aug 08 2025,"Kathmandu, Nepal","{Tech, Community, Ai, Networking, Web, Robotics, Graphic Design, Mobile Development}",Free
Presidential INNOVISTA 2025,https://www.nepvents.com/events/cmdzzg6oe000gqiux3vgxropg,https://utfs.io/f/XwQF9HrqwfTj0PjCzh5bn4gdxRqZ5tYm9soLAPrQiHFO3hBE,Thu Aug 07 2025,Sun Aug 10 2025,"Presidential Graduate School, New Baneshwor","{Tech, Ai, Robotics, Cybersecurity, Networking, Business, Free, Local, Engineering}",Free
WIEekly Connect EP 3,https://www.nepvents.com/events/cmdybk8iv0004qkuykowqxxdz,https://utfs.io/f/XwQF9HrqwfTjKEaOq1bn4OuWldSU7xfzNFRyPBJbVsiLXT2j,Thu Aug 07 2025,,Google Meet,"{Tech, Community, Networking, Online, Free, Engineering, Education}",Free
Data Science and AI Fellowship 2025/26,https://www.nepvents.com/events/cmdxvxwkr0002qkuyxboxsxo2,https://utfs.io/f/XwQF9HrqwfTjMpkHkKmmqc0aAIhY7XHU5slLe19DupwNE4zS,Wed Aug 06 2025,,Nepal,"{Ai, Data Analysis, Education, Networking, Free, Online}",Free
IOT  Robotics Project Exhibition,https://www.nepvents.com/events/cmdrbgkbm000o92uy92w8jcsc,https://utfs.io/f/XwQF9HrqwfTjnA9VesbaYW3R9LCEytg0MvVOUz5xklSpBhui,Sun Aug 03 2025,,"National Infotech College, Birgunj","{Tech, Engineering, Robotics, Local, Education, Community, Free}",Free
"Panel Discussion: Generative AI and the Future of Design, Product  Development",https://www.nepvents.com/events/cmdq33ika000i92uysbuhqadn,https://utfs.io/f/XwQF9HrqwfTj91rSdjwpGP3T2XwU7RnDdmhE5pOgste4LJiA,Sat Aug 02 2025,,"SecurityPal AI, Baluwatar","{Ai, Tech, Community, Free, Graphic Design, Art, Networking}",Free
AWS Fundamentals Workshop,https://www.nepvents.com/events/cmdod2ijq000092uyiuuobbhz,https://utfs.io/f/XwQF9HrqwfTjGlmTCGQ2U8RQKEPWNIu1lSLryzmFfCvY0ghn,Sat Aug 02 2025,,"Nepal Commerce Campus, Minbhawan, Kathmandu","{Tech, Community, Networking, Free, Devops, Education}",Free
5Day Session on Digital Marketing,https://www.nepvents.com/events/cmdn6hedl000o7kuytukc4mmv,https://utfs.io/f/XwQF9HrqwfTjeA5MsXyMnt8l59psZcYFHj6aU17iBJgVwSLC,Wed Jul 30 2025,Sun Aug 03 2025,Google Meet,"{Marketing, Online, Tech, Education, Community, Free}",Free
Getting Started with AWS Cloud and Its Programs,https://www.nepvents.com/events/cmdiy8kql00067kuyx291m6ja,https://utfs.io/f/XwQF9HrqwfTjiTgkTlO3oKd0cVfW2RqtDsHNP4wTX8YA6By9,Tue Jul 29 2025,,"Pulchowk Campus, Library Hall","{Tech, Community, Networking, Education, Engineering, Online}",Free
QSilver28  Quantum Programming Workshop,https://www.nepvents.com/events/cmcokn87q00007wuyhcnil9rw,https://utfs.io/f/XwQF9HrqwfTjU2FJpb7BI6CfPhcdEWGKAjNrFl9nbyR3Vo5p,Mon Jul 28 2025,Sat Aug 02 2025,"St. Xaviers College, Maitighar, Kathmandu, Nepal","{Tech, Education, Online, Hybrid, Global, Free, Engineering, Community}",Free
ArcGIS Training for FutureReady Engineers,https://www.nepvents.com/events/cmdco799y0002afuy5tx2tqtf,https://utfs.io/f/XwQF9HrqwfTjZfMg0EhpMIPs6uRvbctfj2E4wQqJ9rzLohUg,Mon Jul 28 2025,Sun Aug 03 2025,Google Meet,"{Engineering, Online, Education, Tech}",Rs 200250
Getting Started with Linux  Cybersecurity,https://www.nepvents.com/events/cmdhfqwot000c8yuy4ma8r4k3,https://utfs.io/f/XwQF9HrqwfTjGQU0Y62U8RQKEPWNIu1lSLryzmFfCvY0ghn2,Mon Jul 28 2025,Wed Jul 30 2025,Embark College,"{Tech, Cybersecurity, Free, Education, Community}",Free
HandsOn DevOps: BUILD  DEPLOY  MONITOR,https://www.nepvents.com/events/cmdg27s6r00088yuytzara9dw,https://utfs.io/f/XwQF9HrqwfTj0qzYLS5bn4gdxRqZ5tYm9soLAPrQiHFO3hBE,Sun Jul 27 2025,Tue Jul 29 2025,Google Meet,"{Devops, Online, Free, Community, Education, Tech}",Free
Code Your Future  Workshop,https://www.nepvents.com/events/cmd8wz7w9000aafuyypvt3apz,https://utfs.io/f/XwQF9HrqwfTjtgWPbjf9humZ1o6f2ydkLXsJFI7xa5zqcRWM,Sat Jul 26 2025,Fri Aug 01 2025,Google Meet,"{Tech, Web, Devops, Community, Local, Education, Networking, Free, Online}",Free
9Day Node.js  MongoDB Workshop,https://www.nepvents.com/events/cmdfkmhze00028yuyclt97q6l,https://utfs.io/f/XwQF9HrqwfTjAIxuKp9Pxpj6kOt1bgVCRDLuhlGdofnWyvIN,Sat Jul 26 2025,Sun Aug 03 2025,Online,"{Web, Tech, Devops, Free, Online, Education}",Free
GIT  GITHUB SESSION,https://www.nepvents.com/events/cmdhgc016000e8yuyg6jiluhr,https://utfs.io/f/XwQF9HrqwfTjFfzHogMhOLcf4kR1AyQxHdrg57MiIWjnPBYS,Sat Jul 26 2025,,"Kharaayo Inc, Birtamode","{Tech, Online, Free, Community, Education}",Free
Nepal Cloud Meetup  July 2025,https://www.nepvents.com/events/cmd7jy9rl0006afuyg364rtrw,https://utfs.io/f/XwQF9HrqwfTjgtlkoPUbDA3xOh4e5b2aClskm19TuIMvEKiH,Sat Jul 26 2025,,Microsoft Teams,"{Tech, Education, Free, Devops, Ai, Community, Online}",Free
Cloud One 0 One,https://www.nepvents.com/events/cmdfler3t00048yuyjj8i2eza,https://utfs.io/f/XwQF9HrqwfTjFRbPA6MhOLcf4kR1AyQxHdrg57MiIWjnPBYS,Sat Jul 26 2025,,Google Meet,"{Tech, Community, Education, Networking, Free, Online}",Free
DAV Codefest 2025,https://www.nepvents.com/events/cmdiza8pu00087kuyw1sdnlri,https://utfs.io/f/XwQF9HrqwfTjzFAeTPR0Te9sDf1GFIpEYo4mvtQcHhJ5Ruiz,Fri Jul 25 2025,Sun Jul 27 2025,"D.A.V. College, Jawalakhel Lalitpur, Nepal","{Tech, Health, Networking, Community, Ai, Web}",Free
Doodles to Deadlines: Navigating Your Creative Career,https://www.nepvents.com/events/cmd8xnrpl000cafuyn9zt5v1i,https://utfs.io/f/XwQF9HrqwfTjpwp0WxuOiayJ85c3eUGqxIFpkmMQhZTKltsH,Wed Jul 23 2025,,Google Meet,"{Graphic Design, Online, Community, Networking, Free, Tech, Art}",Free
Mapping Your Tech Journey with Project Management,https://www.nepvents.com/events/cmdcps5wv0006afuydwknecaj,https://utfs.io/f/XwQF9HrqwfTj0SG4zq5bn4gdxRqZ5tYm9soLAPrQiHFO3hBE,Tue Jul 22 2025,,Kantipur Engineering College KEC,"{Tech, Community, Education, Networking}",Free
Design Thinking: Mastering Discovery and Design,https://www.nepvents.com/events/cmdcmcqne0000afuy0lqegc0h,https://utfs.io/f/XwQF9HrqwfTjqUDr1TlVfZr87osAYxu4HDlmvSQOMPceR3Jh,Tue Jul 22 2025,,Google Meet,"{Tech, Community, Online, Networking, Engineering, Education}",Free
HTML CSS WORKSHOP,https://www.nepvents.com/events/cmd5zi0l20002afuybab7m2yx,https://utfs.io/f/XwQF9HrqwfTjfvmQ14UX4hNxKH0Sdo1R7QJzgq8UmunyGVbs,Sun Jul 20 2025,,"CSIT BLOCK, Patan Multiple Campus","{Web, Tech, Education, Free, Online, Community}",Free
Aqore Hackathon 2025: Innovate Staffing with AI,https://www.nepvents.com/events/cmcc09vjp00087vuymfwlbfzr,https://utfs.io/f/XwQF9HrqwfTjSELCX5tnxzUmqZ01vVQLFAdYJ5j4erwPaIEB,Sat Jul 19 2025,Sun Jul 20 2025,"Techspire College, Kathmandu","{Ai, Tech, Business, Networking, Startup, Free}",Free
Cyber Security  Ethical Hacking Online Workshop,https://www.nepvents.com/events/cmd73ngkg0004afuygsfwbufw,https://utfs.io/f/XwQF9HrqwfTj91yz6sapGP3T2XwU7RnDdmhE5pOgste4LJiA,Sat Jul 19 2025,Sun Jul 20 2025,Online,"{Cybersecurity, Tech, Education, Online, Free, Community}",Free
Technomorph Hackathon,https://www.nepvents.com/events/cmd5yzrpr0000afuyz8cpdk87,https://utfs.io/f/XwQF9HrqwfTjf1Lg4gUX4hNxKH0Sdo1R7QJzgq8UmunyGVbs,Sat Jul 19 2025,,"FSU Hall, Purwanchal Campus","{Tech, Engineering, Robotics, Local, Community}",Free
Git Ready: Take Care of Your Code,https://www.nepvents.com/events/cmd4iaz1x0004d4uxvd9wxvym,https://utfs.io/f/XwQF9HrqwfTjv5UvJmXmEuzhkQvb8SyT1LZ26MnCD5xqGNtF,Sat Jul 19 2025,,Google Meet,"{Tech, Community, Free, Online, Education, Web, Devops}",Free
IEEE Cubing Nepal 2025,https://www.nepvents.com/events/cmc8h973p00047huw0mp1belm,https://utfs.io/f/XwQF9HrqwfTjhzFSy87tNXzawdxuByIObAlCLS870jUhemKF,Sat Jul 19 2025,Sun Jul 20 2025,"Pulchowk Campus, Lalitpur, Nepal","{Community, Local, Gaming}",Rs 350
Computer Vision Workshop,https://www.nepvents.com/events/cmd8xvll6000eafuy10rlb4v7,https://utfs.io/f/XwQF9HrqwfTjMiV7gvmmqc0aAIhY7XHU5slLe19DupwNE4zS,Fri Jul 18 2025,,Sagarmatha Engineering College,"{Tech, Ai, Engineering, Education, Community, Robotics, Free}",Free
CloudNative Development: Accelerating Delivery with AWS,https://www.nepvents.com/events/cmd0fo76100006tuyagos6foc,https://utfs.io/f/XwQF9HrqwfTjF4iG5suMhOLcf4kR1AyQxHdrg57MiIWjnPBY,Wed Jul 16 2025,,Google Meet,"{Tech, Devops, Community, Online, Engineering}",Free
Software Fellowship 2026,https://www.nepvents.com/events/cmcubp7860000mdvg3zyshq61,https://utfs.io/f/XwQF9HrqwfTjKZWqD4n4OuWldSU7xfzNFRyPBJbVsiLXT2jq,Tue Jul 15 2025,Thu Jul 24 2025,Pulchowk Campus,"{Tech, Web, Ai, Cybersecurity, Data Analysis, Networking, Engineering, Community, Education}",NRs. 250
MODEL FORGE EP 3 : Information Theory,https://www.nepvents.com/events/cmcupchlv0004mdvg9zwv8zes,https://utfs.io/f/XwQF9HrqwfTjCy4xUkVUoNwVS69thjdRGMfYeBZskgPlxumD,Tue Jul 15 2025,,Google Meet,"{Ai, Tech, Online, Education, Free, Community}",Free
"Bug Bounty 101: Hack, Hunt, Secure",https://www.nepvents.com/events/cmcvst9kj0000a1uyu4s2io11,https://utfs.io/f/XwQF9HrqwfTjQFzZFhjcrSdfDstpM8NqXgEyn4ujm1ZekGF5,Sat Jul 12 2025,Sun Jul 13 2025,Google Meet,"{Cybersecurity, Tech, Online, Free}",Free
DeerHack 2025,https://www.nepvents.com/events/cmamjnnn40006bjus6x88h6e6,https://utfs.io/f/XwQF9HrqwfTjty7xlcf9humZ1o6f2ydkLXsJFI7xa5zqcRWM,Fri Jul 11 2025,Sun Jul 13 2025,"Deerwalk Complex, Kathmandu, Nepal","{Ai, Web, Tech, Blockchain, Engineering, Robotics, Community, Education, Networking, Free}",Free
Hack a Flag  All Nepal CTF Contest,https://www.nepvents.com/events/cmcihdsxg00086fuyhcy808ma,https://utfs.io/f/XwQF9HrqwfTjGL7jwI2U8RQKEPWNIu1lSLryzmFfCvY0ghn2,Fri Jul 11 2025,,Pulchowk Campus,"{Tech, Cybersecurity, Community, Networking, Education, Engineering}","Early Bird: 3500, IEEE: 2500"
2Day Online Workshop on Devops,https://www.nepvents.com/events/cmctz25c400007pux2uu879b0,https://utfs.io/f/XwQF9HrqwfTjip0fxbO3oKd0cVfW2RqtDsHNP4wTX8YA6By9,Thu Jul 10 2025,Fri Jul 11 2025,Google Meet,"{Tech, Devops, Online, Education, Community, Web}",Free
Turboline x IIMS Hackathon 2025,https://www.nepvents.com/events/cmaxhrmzf00049curnun00yfo,https://utfs.io/f/XwQF9HrqwfTjmGyJd84W6sSABi9xU75bOMJXyZLjGwT2DQpk,Thu Jul 10 2025,Sat Jul 12 2025,"Kathmandu, Nepal","{Ai, Tech, Networking, Hybrid, Global, Engineering}",Rs 5000/ Team
Hacking for Empowered Women,https://www.nepvents.com/events/cmbaw8j4v0002bjuyuu6if6ld,https://utfs.io/f/XwQF9HrqwfTjrkn347LSOglbE0LkcT5DUmj1FNHwf9y3qRud,Wed Jul 09 2025,Fri Jul 11 2025,Selected Teams will be Invited,"{Tech, Community, Health, Culture, Free, Education, Mobile Development, Networking}",Free
"AI, Data  NEPSE  How Tech is Transforming Finance",https://www.nepvents.com/events/cmctzdpp10000aguywehnfc8f,https://utfs.io/f/XwQF9HrqwfTjfGikQbmUX4hNxKH0Sdo1R7QJzgq8UmunyGVb,Wed Jul 09 2025,,Google Meet,"{Ai, Business, Online, Education, Community, Tech}",Free
Prompt Engineering Workshop,https://www.nepvents.com/events/cmcrusahc000a7wuygtcfcyu5,https://utfs.io/f/XwQF9HrqwfTjltGfniF8mvMGw6BYSlLxnTaruOVzIR54dJqf,Mon Jul 07 2025,,Google Meet,"{Ai, Tech, Engineering, Online, Free, Education, Community}",Free
Battle for Speed 2025,https://www.nepvents.com/events/cmcn0aorv000gczuyzeblsh7g,https://utfs.io/f/XwQF9HrqwfTj8SUbTNZgq6t3vKOapAV4gmHXFkCS1d0zZBGr,Sun Jul 06 2025,,"Auditorium Hall, WRC","{Tech, Robotics, Local}",Free
Quantum   Episode 02,https://www.nepvents.com/events/cmcj0t574000a6fuyaz5jh0h8,https://utfs.io/f/XwQF9HrqwfTjtBFKVyVf9humZ1o6f2ydkLXsJFI7xa5zqcRW,Sat Jul 05 2025,,Microsoft Teams,"{Ai, Tech, Engineering, Education, Online, Free}",Free
QTalk Series 2025  Ep 6,https://www.nepvents.com/events/cmckm0r8u0004czuydv2wg9rs,https://utfs.io/f/XwQF9HrqwfTjiLDP8tO3oKd0cVfW2RqtDsHNP4wTX8YA6By9,Fri Jul 04 2025,,Zoom,"{Tech, Online, Community, Education}",Free
Beyond2: The Cosmos Hackathon,https://www.nepvents.com/events/cmcbyisv000067vuylhw5ur4a,https://utfs.io/f/XwQF9HrqwfTj6l0iE5Zr3PxUHnYM1ELDCImp5JSNdOAWj08B,Fri Jul 04 2025,Sat Jul 05 2025,"Cosmos College of Management and Technology, Lalitpur","{Tech, Community, Education, Networking, Free}",Free
7 days Workshop on SolidWorks,https://www.nepvents.com/events/cmckkoksb0000czuyzkxkvo9b,https://utfs.io/f/XwQF9HrqwfTj9aC5AEpGP3T2XwU7RnDdmhE5pOgste4LJiAN,Thu Jul 03 2025,Wed Jul 09 2025,"DMAE, Pulchwok Campus","{Engineering, Robotics, Tech, Education, Community}",Rs 300
INGENIUM 2025,https://www.nepvents.com/events/cmc00dze5000ed5uy8v2lofzd,https://utfs.io/f/XwQF9HrqwfTjckDsdtvgyrSYbhN31O5ZCtUn9pqf7jLWPRBa,Thu Jul 03 2025,,Nepal Engineering College,"{Engineering, Tech, Robotics, Education, Free, Community, Networking}",Free
IEEE CTF MASTERCLASS: The Mentorship Session,https://www.nepvents.com/events/cmbzb80w2000cd5uykhovh76l,https://utfs.io/f/XwQF9HrqwfTj6GhF24Zr3PxUHnYM1ELDCImp5JSNdOAWj08B,Thu Jul 03 2025,,"Library Hall, Pulchowk Campus","{Cybersecurity, Engineering, Local, Free, Online, Tech, Networking}",Rs 60
Pioneering Safe Cyberspace: Bridging Technology and Light for Security,https://www.nepvents.com/events/cmcm6rgz2000eczuy83jktmhq,https://utfs.io/f/XwQF9HrqwfTjBqJYd4aGiDYa2Xd0614kqcyEjxzuFLrZpWTm,Thu Jul 03 2025,,"Embark College, Pulchowk","{Cybersecurity, Tech, Community, Engineering, Free, Local, Education, Networking}",Free
Coding Challenge For Girls,https://www.nepvents.com/events/cmchnsslx00066fuy757edn9j,https://utfs.io/f/XwQF9HrqwfTjkIK6DsXJDeWApaoNh4nQMRr1SgUKVyqxj8Lu,Wed Jul 02 2025,,"Hotel Palm International, Milanchowk, Butwal9, Rupandehi, Nepal","{Tech, Local, Community, Education, Networking, Free}",Free
Qloo LLM Hackathon,https://www.nepvents.com/events/cmclx6c7w000cczuyx21c3utr,https://utfs.io/f/XwQF9HrqwfTjZguGAahpMIPs6uRvbctfj2E4wQqJ9rzLohUg,Tue Jul 01 2025,Fri Aug 01 2025,Devpost,"{Ai, Tech, Online, Global, Web, Community}",Free
CodeSprint Hackathon,https://www.nepvents.com/events/cmc7pdmks00007huwg760ml1j,https://utfs.io/f/XwQF9HrqwfTjEbChZBA7VSHYTlhIxgK5QmPNo9qEk6c8z3jp,Tue Jul 01 2025,,Nepal Engineering College,"{Tech, Engineering, Networking, Ai, Web, Blockchain, Community}",Free
LaTeX Workshop 2025,https://www.nepvents.com/events/cmcbdudf200087huwb8ogsskt,https://utfs.io/f/XwQF9HrqwfTjbjB7BwSQnULGupAtgZ8vCorJ6S92NKz7hVBl,Sun Jun 29 2025,Tue Jul 01 2025,Pulchowk Campus,"{Tech, Education, Literature, Engineering, Community}",Rs 100 Refundable
ICRTAI 2025,https://www.nepvents.com/events/cmb3nkecf00007iuy8se8didn,https://utfs.io/f/XwQF9HrqwfTjKmcvtAn4OuWldSU7xfzNFRyPBJbVsiLXT2jq,Sat Jun 28 2025,Sun Jun 29 2025,"Birtamod, Koshi Province, Nepal","{Ai, Tech, Networking, Health, Education, Business, Hybrid}",To Be Updated
Improve Workplace Efficiency Using AI,https://www.nepvents.com/events/cmcdm9yfs00046kuxzldokqjx,https://utfs.io/f/XwQF9HrqwfTjSKBPwutnxzUmqZ01vVQLFAdYJ5j4erwPaIEB,Sat Jun 28 2025,,Google Meet,"{Ai, Tech, Education, Business, Online, Hybrid, Free}",Free
NPLAcademia GradTalk,https://www.nepvents.com/events/cmcbe6ssm000a7huwc23d068f,https://utfs.io/f/XwQF9HrqwfTjAnfE0r9Pxpj6kOt1bgVCRDLuhlGdofnWyvIN,Sat Jun 28 2025,,Zoom,"{Education, Networking, Online, Tech, Free, Community}",Free
STEAM Expo 2025: Project Demonstration,https://www.nepvents.com/events/cmc2sj9q000067ouyf8ogiixi,https://utfs.io/f/XwQF9HrqwfTjzitQKTR0Te9sDf1GFIpEYo4mvtQcHhJ5Ruiz,Fri Jun 27 2025,,"Forestry Museum, Hetauda10","{Robotics, Tech, Education, Community, Networking}",Rs.2000/Project
Your First Step Into Cloud,https://www.nepvents.com/events/cmc4vxlx6000496uwy8c05w6n,https://utfs.io/f/XwQF9HrqwfTjDCuDgSNtO4AHMNwciK5yB62C0pe7RgDqhrfb,Fri Jun 27 2025,,Online Zoom,"{Tech, Community, Online, Education, Networking, Free}",Free
Ambition Hackfest 2082,https://www.nepvents.com/events/cmbexx2rn00046huyq54gyxxe,https://utfs.io/f/XwQF9HrqwfTjFNeldVMhOLcf4kR1AyQxHdrg57MiIWjnPBYS,Thu Jun 26 2025,Sat Jun 28 2025,"MidBaneshwor, Kathmandu","{Tech, Community, Ai, Local, Graphic Design, Web, Engineering, Networking}",Rs. 2000/Team
5 Day Graphic Design  Illustrator Workshop,https://www.nepvents.com/events/cmc5se7ko000696uwi40p75we,https://utfs.io/f/XwQF9HrqwfTjEpzO9OyA7VSHYTlhIxgK5QmPNo9qEk6c8z3j,Thu Jun 26 2025,Mon Jun 30 2025,Google Meet,"{Graphic Design, Online, Free, Art, Tech}",Free
Texas Career Fair 2025,https://www.nepvents.com/events/cmccttcew000a7vuyfkltfmjm,https://utfs.io/f/XwQF9HrqwfTjBIzfKkGiDYa2Xd0614kqcyEjxzuFLrZpWTmw,Thu Jun 26 2025,,"TIC College, Mitrapark, Kathmandu","{Networking, Education, Business, Tech, Community, Local, Free}",Free
7Day Cybersecurity Workshop,https://www.nepvents.com/events/cmc4turho000296uwk1vjzprk,https://utfs.io/f/XwQF9HrqwfTjurhaug1nIXAgb8aDPqW1SsQGdevkh60Yzo3E,Wed Jun 25 2025,Tue Jul 01 2025,Online,"{Cybersecurity, Tech, Online, Education, Free, Community}",Free
The Design Thinking Workshop,https://www.nepvents.com/events/cmc7pxfu100027huwdipuvjoa,https://utfs.io/f/XwQF9HrqwfTjBR35aQGiDYa2Xd0614kqcyEjxzuFLrZpWTmw,Tue Jun 24 2025,Wed Jun 25 2025,"ICTC Building, Pulchowk Campus","{Tech, Community, Networking, Education}",Free
"Cloud Native Exchange  Talk Tech, Share Ideas",https://www.nepvents.com/events/cmbfcmq3p00086huy26caqnpu,https://utfs.io/f/XwQF9HrqwfTjBSyTwHGiDYa2Xd0614kqcyEjxzuFLrZpWTmw,Sun Jun 22 2025,,"DeerwalkCollege, Kathmandu","{Tech, Devops, Education, Community, Networking, Engineering}",Free
Hack for Business,https://www.nepvents.com/events/cmbnv6cjb0000bsuymjckow27,https://utfs.io/f/XwQF9HrqwfTjGhBcdk2U8RQKEPWNIu1lSLryzmFfCvY0ghn2,Sat Jun 21 2025,Mon Jun 23 2025,"Kathmandu University , Dhulikhel","{Business, Tech, Community, Entrepreneurship, Engineering}","Rs. 3,500/Team"
AWS Fundamentals Workshop: Immersive HandsOn Experience,https://www.nepvents.com/events/cmbyjjlwm0004d5uyqa3zjgw4,https://utfs.io/f/XwQF9HrqwfTjT82Trgt0a6ciKvXzrYlSyhNqbJoQ9Eke7VCt,Sat Jun 21 2025,,"NCIT, Balkumari, Lalitpur","{Devops, Education, Tech, Community, Networking, Free}",Free
Proteus: PCB Design and Fabrication Workshop,https://www.nepvents.com/events/cmbz8ituh0006d5uy58idytlv,https://utfs.io/f/XwQF9HrqwfTjfGxCB3UX4hNxKH0Sdo1R7QJzgq8UmunyGVbs,Fri Jun 20 2025,Mon Jun 23 2025,"Department of Electrical Engineering, Pulchowk Campus","{Engineering, Education, Tech, Robotics, Community}",Rs. 250
Model Forge Ep 2: Model Training and Evaluation,https://www.nepvents.com/events/cmbz9el5d0008d5uy99k6j938,https://utfs.io/f/XwQF9HrqwfTjtDkY4Af9humZ1o6f2ydkLXsJFI7xa5zqcRWM,Thu Jun 19 2025,,Google Meet,"{Ai, Tech, Online, Education, Free, Community}",Free
Research Talk13,https://www.nepvents.com/events/cmboqov6y0002bsuy9di33461,https://utfs.io/f/XwQF9HrqwfTjc8PaXVvgyrSYbhN31O5ZCtUn9pqf7jLWPRBa,Sat Jun 14 2025,,Virtual,"{Environment, Education, Online, Community, Tech, Engineering}",Free
The LaunchPad: Building Careers  Connections,https://www.nepvents.com/events/cmbqnd9x800008yuxv0d0yk5z,https://utfs.io/f/XwQF9HrqwfTjY52kvi0TviajJ942LktEHeC8IdPpcXxbwmlh,Sat Jun 14 2025,,"Aone Banquet, Shankhamul","{Tech, Community, Networking, Engineering, Business, Startup, Entrepreneurship, Free, Local}",Rs 150  Rs 300
WordCamp Pokhara 2025,https://www.nepvents.com/events/cmav60xmf000c6juszimzahxc,https://utfs.io/f/XwQF9HrqwfTjx2UbhnDtrn9F6XQ3SCPf2ysERecM4dw7jVzO,Fri Jun 13 2025,Sat Jun 14 2025,"Pokhara Event Center, Pokhara","{Web, Tech, Community, Local, Networking, Education}",Rs 1200 Students Or Rs 1500
Online Research Paper Writing Workshop,https://www.nepvents.com/events/cmbs8b2to0000s88n6zn56ue8,https://utfs.io/f/XwQF9HrqwfTjSUiFF0CtnxzUmqZ01vVQLFAdYJ5j4erwPaIE,Thu Jun 12 2025,,Online,"{Tech, Education, Engineering, Community, Free}",Free
Hack For Nepal,https://www.nepvents.com/events/cmadm58zf00127yusc24f6ydw,https://utfs.io/f/XwQF9HrqwfTjuRwbeZg1nIXAgb8aDPqW1SsQGdevkh60Yzo3,Thu Jun 12 2025,Sat Jun 14 2025,"NCIT, Balkumari, Lalitpur","{Tech, Community, Local, Health, Ai, Engineering}",Rs 2000/Team If Shortlisted
Model Forge Ep 1  Optimization Algorithms in Machine Learning,https://www.nepvents.com/events/cmbjlzhlb000o6huyxktt5qq0,https://utfs.io/f/XwQF9HrqwfTjjTqMudctvZrbUlDyi8xqshRcI60SmNY3MwoJ,Wed Jun 11 2025,,Google Meet,"{Ai, Tech, Online, Education, Free}",Free
Git  Github Training,https://www.nepvents.com/events/cmbor0a3x0004bsuyhtw8tcw7,https://utfs.io/f/XwQF9HrqwfTjg9nowjbDA3xOh4e5b2aClskm19TuIMvEKiHU,Wed Jun 11 2025,Thu Jun 12 2025,Online,"{Tech, Devops, Engineering, Education, Online, Free}",Free
InnoSphere 1.0  Hardware Project Exhibition,https://www.nepvents.com/events/cmbhfd8mq000c6huy0pvdt5qt,https://utfs.io/f/XwQF9HrqwfTjtBmmqIgf9humZ1o6f2ydkLXsJFI7xa5zqcRW,Sun Jun 08 2025,,"School of Engineering, PU","{Engineering, Tech, Robotics, Local, Education, Community}",Rs. 500
InnoSphere 1.0  Software Project Exhibition,https://www.nepvents.com/events/cmbhgau80000i6huyqws22ag1,https://utfs.io/f/XwQF9HrqwfTjjXW8CSLctvZrbUlDyi8xqshRcI60SmNY3Mwo,Sun Jun 08 2025,,"School of Engineering, PU","{Tech, Engineering, Education, Web, Ai, Blockchain, Mobile Development}",Rs. 500
InnoSphere 1.0  NextGen Innovators Expo SchoolLevel,https://www.nepvents.com/events/cmbhg11sn000e6huyfhhx52yv,https://utfs.io/f/XwQF9HrqwfTjBMWchvGiDYa2Xd0614kqcyEjxzuFLrZpWTmw,Sun Jun 08 2025,,"School of Engineering, PU","{Tech, Education, Engineering, Robotics, Local, Community, Networking}",Free
QTalk Series E5,https://www.nepvents.com/events/cmbdxwlfg000abouyk8zhvjyn,https://utfs.io/f/XwQF9HrqwfTjgtBgXpMbDA3xOh4e5b2aClskm19TuIMvEKiH,Sun Jun 08 2025,,Zoom,"{Tech, Online, Free, Education, Engineering, Community}",Free
InnoSphere 1.0  InnoCanvas,https://www.nepvents.com/events/cmbhg5vny000g6huyr1dt5gnx,https://utfs.io/f/XwQF9HrqwfTjTRtGJ10a6ciKvXzrYlSyhNqbJoQ9Eke7VCtj,Sun Jun 08 2025,,"School of Engineering, PU","{Graphic Design, Art, Education, Tech, Networking, Community}",Rs. 300
InnoSphere 1.0  Idea Pitching Competition,https://www.nepvents.com/events/cmbhf68p6000a6huyyk9c4g6v,https://utfs.io/f/XwQF9HrqwfTjevzGupyMnt8l59psZcYFHj6aU17iBJgVwSLC,Sun Jun 08 2025,,"School of Engineering, PU","{Tech, Business, Health, Pitching, Entrepreneurship}",Rs. 100
BMC InnovateX Hackathon,https://www.nepvents.com/events/cm8ymxdxz000gaduqcqb5fqlz,https://utfs.io/f/XwQF9HrqwfTjGliSO3H2U8RQKEPWNIu1lSLryzmFfCvY0ghn,Sun Jun 08 2025,Tue Jun 10 2025,"Butwal Multiple Campus, Butwal03, Rupandehi","{Tech, Community, Blockchain, Networking, Ai, Free, Hybrid, Online, Web, Engineering}",Free
AI  ML on AWS,https://www.nepvents.com/events/cmbf4cgl000066huy7mvgd5da,https://utfs.io/f/XwQF9HrqwfTj1CQdlw4z3Wjv6DBdX0OaqwrZizQbg4RuC2c8,Sat Jun 07 2025,,"Advance College of Engineering  Management, Kalanki, Kathmandu","{Ai, Tech, Community, Education, Networking, Free}",Free
AI  Future on Web Development,https://www.nepvents.com/events/cmbet8kkh00006huyo7545m3z,https://utfs.io/f/XwQF9HrqwfTjzjXuL1R0Te9sDf1GFIpEYo4mvtQcHhJ5Ruiz,Sat Jun 07 2025,,Google Meet,"{Ai, Web, Tech, Online, Education}",Free
INKSPIRE: Research Writing for Beginners,https://www.nepvents.com/events/cmbds42x90008bouyg3mphr64,https://utfs.io/f/XwQF9HrqwfTjXWguj3hrqwfTjOsybvlkWM2S8QnHuDRZ3pa1,Sat Jun 07 2025,,Google Meet,"{Education, Tech, Online, Community, Free}",Free
Generative AI on AWS,https://www.nepvents.com/events/cmb0s68td00009fuypm9qhkup,https://utfs.io/f/XwQF9HrqwfTjGf7o1l2U8RQKEPWNIu1lSLryzmFfCvY0ghn2,Fri Jun 06 2025,,"IMS Software, Tripureshwor, Kathmandu","{Ai, Tech, Community, Networking, Free}",Free
CodeWar 1.0,https://www.nepvents.com/events/cm9zsnuf800007yusdhvwipy0,https://utfs.io/f/XwQF9HrqwfTj0zzOZr5bn4gdxRqZ5tYm9soLAPrQiHFO3hBE,Thu Jun 05 2025,Fri Jun 06 2025,"BCA Lab, Mechi Multiple Campus","{Tech, Community, Local, Education, Free, Hybrid, Gaming}",Free
Waste Hackathon 2025,https://www.nepvents.com/events/cmawt8x1100029cur3ahvxycl,https://utfs.io/f/XwQF9HrqwfTjxHMH65Dtrn9F6XQ3SCPf2ysERecM4dw7jVzO,Thu Jun 05 2025,,Budhanilkantha Municipality Hall,"{Tech, Environment, Sustainability, Local, Community, Engineering}",Free
Introduction to IoT: Unlocking the Future of Connected Devices,https://www.nepvents.com/events/cmbd3a76y0000bouy9xrj7yks,https://utfs.io/f/XwQF9HrqwfTj91ynDZCpGP3T2XwU7RnDdmhE5pOgste4LJiA,Thu Jun 05 2025,,Google Meet,"{Tech, Ai, Online, Free, Robotics, Engineering}",Free
AWS Lambda Hackathon,https://www.nepvents.com/events/cmbhwb80c000k6huyiy8i1jxq,https://utfs.io/f/XwQF9HrqwfTjAaFnVR9Pxpj6kOt1bgVCRDLuhlGdofnWyvIN,Tue Jun 03 2025,Mon Jun 30 2025,Online,"{Web, Tech, Ai, Online, Global, Free}",Free
Hacking for Empowered Women  Orientation Session,https://www.nepvents.com/events/cmbavuinq0000bjuyvryekvz3,https://utfs.io/f/XwQF9HrqwfTjXw0W98rqwfTjOsybvlkWM2S8QnHuDRZ3pa17,Tue Jun 03 2025,,Zoom,"{Tech, Community, Online, Local, Free}",Free
Hack4SafeFood: Hackathon for Innovating Food Safety in Nepal,https://www.nepvents.com/events/cmbaz8ya50004bjuywm8dlmoh,https://utfs.io/f/XwQF9HrqwfTj2jPUMGqXSxzpiTehQKu0HEgl753DdLZ1jWYG,Mon Jun 02 2025,Fri Jun 06 2025,"Kathmandu, Nepal","{Tech, Health, Environment, Sustainability, Local, Mobile Development, Ai}",Free
NPLCoder GenAI Builders Fellowship,https://www.nepvents.com/events/cmabyttxc000s7yusuvriz8mh,https://utfs.io/f/XwQF9HrqwfTj67aL6xbZr3PxUHnYM1ELDCImp5JSNdOAWj08,Sun Jun 01 2025,Sun Jul 13 2025,"Kathmandu, Nepal","{Ai, Tech, Community, Education, Free, Online, Hybrid}",Free
Leapfrog 60 Days of Learning,https://www.nepvents.com/events/cmawrca8r00009curoyf6t2bw,https://utfs.io/f/XwQF9HrqwfTjZVQptThpMIPs6uRvbctfj2E4wQqJ9rzLohUg,Sun Jun 01 2025,Wed Jul 30 2025,Online,"{Tech, Community, Education, Online, Free}",Free
Free AI/ML Webinar,https://www.nepvents.com/events/cmb56eibi00087iuyuagcw466,https://utfs.io/f/XwQF9HrqwfTjkAR7dxJDeWApaoNh4nQMRr1SgUKVyqxj8Lud,Sat May 31 2025,,Google Meet,"{Ai, Tech, Education, Free, Online, Community}",Free
Building AI Agents Part I,https://www.nepvents.com/events/cmazlfna300028xuyuph7skb5,https://utfs.io/f/XwQF9HrqwfTjNqNaecixLu294R05jGOUXEzDfb8C6sghvIHr,Sat May 31 2025,,Google Meet,"{Ai, Tech, Education, Free, Online}",Free
Exploring App Development Webinar,https://www.nepvents.com/events/cmb9204l20002aauywzoitbw2,https://utfs.io/f/XwQF9HrqwfTjQ1n3wzjcrSdfDstpM8NqXgEyn4ujm1ZekGF5,Sat May 31 2025,,Google Meet,"{Tech, Mobile Development, Online, Community, Education}",Free
Chautari Chess Tournament,https://www.nepvents.com/events/cm9rcooly000od4uspl14d4lx,https://utfs.io/f/XwQF9HrqwfTj72F5uiKeYTiransNmUq72W3HfxwkpM6Q1yGC,Sat May 31 2025,,Chess.com,"{Chess, Online, Gaming, Free}",Free
Quantum   Talk EP. 01,https://www.nepvents.com/events/cmb8v4o450000aauyxjl1x1v4,https://utfs.io/f/XwQF9HrqwfTj0QlvvB5bn4gdxRqZ5tYm9soLAPrQiHFO3hBE,Fri May 30 2025,,Microsoft Teams,"{Tech, Online, Education, Engineering, Community, Free}",Free
Worlds Largest Hackathon,https://www.nepvents.com/events/cmbev2tjw00026huy5x36q0ob,https://utfs.io/f/XwQF9HrqwfTjGeo3nr2U8RQKEPWNIu1lSLryzmFfCvY0ghn2,Fri May 30 2025,Tue Jul 01 2025,Online,"{Ai, Tech, Startup, Entrepreneurship, Online, Global, Hybrid}",Free
NAAMII Open House,https://www.nepvents.com/events/cmb6ifhpb000a7iuy4y6btz04,https://utfs.io/f/XwQF9HrqwfTj1no5F3z3Wjv6DBdX0OaqwrZizQbg4RuC2c8l,Fri May 30 2025,,Alliance Franaise de Katmandou,"{Ai, Tech, Community, Networking, Local, Free}",Free
Web Development Workshop,https://www.nepvents.com/events/cmapagznh0000bpuy0tjgtmxg,https://utfs.io/f/XwQF9HrqwfTjOffpotkvPF9BEMUaiDmZXYqJRNwetblf3j2g,Thu May 29 2025,Wed Jun 04 2025,"Purwanchal Campus, Room No. 213","{Web, Tech, Education, Community}",Rs 100 To 200
Intro To Web  WordPress,https://www.nepvents.com/events/cmb3u45wn00047iuyq654tr9l,https://utfs.io/f/XwQF9HrqwfTjLEQQ8KWjkBZY0Fdn9vwG5lJ23q4KUMAXQg6f,Wed May 28 2025,,"CIT Hall, WRC, Pokhara","{Web, Tech, Community, Education, Free, Local}",Free
Workshop on UI/UX Designing,https://www.nepvents.com/events/cmb3r91k800027iuyezlrzt26,https://utfs.io/f/XwQF9HrqwfTjFDxRRIMhOLcf4kR1AyQxHdrg57MiIWjnPBYS,Wed May 28 2025,Sun Jun 01 2025,Google Meet,"{Tech, Graphic Design, Education, Art, Free, Online, Community}",Free
Graphic Design Workshop,https://www.nepvents.com/events/cmaruh2a700006jus71jo3d6x,https://utfs.io/f/XwQF9HrqwfTj0DSv1i5bn4gdxRqZ5tYm9soLAPrQiHFO3hBE,Wed May 28 2025,Fri May 30 2025,"Skill Shikshya, Sankhamul, Kathmandu","{Graphic Design, Tech, Education, Free, Art, Local}",Free
2DAYS WORKSHOP ON Quality Assurance QA,https://www.nepvents.com/events/cmazfj49r00008xuy6ndbo3x9,https://utfs.io/f/XwQF9HrqwfTjGlsLQhk2U8RQKEPWNIu1lSLryzmFfCvY0ghn,Tue May 27 2025,Wed May 28 2025,Sagarmatha College of Science and Technology,"{Education, Devops, Tech, Community}",Free
3D DESIGN FREE WEBINAR,https://www.nepvents.com/events/cmay38ljh00046ouxz1e2effq,https://utfs.io/f/XwQF9HrqwfTjBEULrYGiDYa2Xd0614kqcyEjxzuFLrZpWTmw,Sat May 24 2025,,Google Meet,"{Graphic Design, Online, Free, Tech, Education}",Free
BRAIN BEHIND BOTS: HOW AGENTIC AI WORKS,https://www.nepvents.com/events/cmaufmhpf00066juszhali0mp,https://utfs.io/f/XwQF9HrqwfTjBIeYUxGiDYa2Xd0614kqcyEjxzuFLrZpWTmw,Sat May 24 2025,,Google Meet,"{Ai, Tech, Online, Free, Education, Community}",Free
BLUETEAM SQUAD: DEFENDERS WANTED,https://www.nepvents.com/events/cmaugqn0a00086jus89o6xs7u,https://utfs.io/f/XwQF9HrqwfTj8ClIBIgq6t3vKOapAV4gmHXFkCS1d0zZBGrU,Wed May 21 2025,Sat May 24 2025,"LA GRANDEE International College, Simalahaur12, Pokhara","{Cybersecurity, Tech, Community, Local}",Rs 100  Rs 180
The Flutter Foundry,https://www.nepvents.com/events/cmanbu6cs0000d1us2q36gvys,https://utfs.io/f/XwQF9HrqwfTjaUajyGE4HWerXFAqQY8hvoVuwTfGD2spZ3d5,Tue May 20 2025,Tue Jun 17 2025,Discord,"{Mobile Development, Online, Education, Community, Tech}",Rs 499 Or 999
Smart City Hackathon,https://www.nepvents.com/events/cmav19mzs000a6jus0l3ieixn,https://utfs.io/f/XwQF9HrqwfTjjXwCKYKctvZrbUlDyi8xqshRcI60SmNY3Mwo,Mon May 19 2025,Sat Jun 28 2025,Online,"{Tech, Community, Online, Global, Sustainability, Free}",Free
Unlocking Cybersecurity: A Guide to Digital Safety,https://www.nepvents.com/events/cmanarrpe00007ouszu2mgn6u,https://utfs.io/f/XwQF9HrqwfTjGeKSyb2U8RQKEPWNIu1lSLryzmFfCvY0ghn2,Sun May 18 2025,Tue May 20 2025,Google Meet,"{Cybersecurity, Tech, Online, Education, Community}",Free
Getting Started with Python,https://www.nepvents.com/events/cmaqbk6rv0006bpuypzbudidy,https://utfs.io/f/XwQF9HrqwfTjxRQ6ktDtrn9F6XQ3SCPf2ysERecM4dw7jVzO,Sun May 18 2025,Sat May 24 2025,Google meet,"{Tech, Education, Online, Ai}",Rs 250
Build with AI 2025,https://www.nepvents.com/events/cmacrn5zn00107yus5ix07g1i,https://utfs.io/f/XwQF9HrqwfTj599ZSp87zFA9fGIpYj6N1DReMoXqtC4TaSLn,Sun May 18 2025,,"Webpoint Technology Pvt. Ltd., Subarna Shamsher Marg, Kathmandu","{Ai, Tech, Community, Local, Education, Networking}",Rs 700
Neural Nexus,https://www.nepvents.com/events/cmatlts2w00046juse1vp228k,https://utfs.io/f/XwQF9HrqwfTjxkgJ4CDtrn9F6XQ3SCPf2ysERecM4dw7jVzO,Sun May 18 2025,Wed Jun 18 2025,Online,"{Ai, Tech, Health, Online, Global, Free}",Free
Navigating the Cloud and Communication,https://www.nepvents.com/events/cmapaunp10002bpuy7czy965a,https://utfs.io/f/XwQF9HrqwfTjm9J1Mg4W6sSABi9xU75bOMJXyZLjGwT2DQpk,Sat May 17 2025,,Online,"{Tech, Devops, Education, Community, Free, Networking}",Free
"STEMFluence: Think, Tinker, Thrive",https://www.nepvents.com/events/cmaq76mrx0004bpuynyoer83p,https://utfs.io/f/XwQF9HrqwfTjg00LlLbDA3xOh4e5b2aClskm19TuIMvEKiHU,Sat May 17 2025,Sun May 18 2025,"Pathshala Nepal Foundation, Baneshwor, Kathmandu","{Engineering, Robotics, Education, Tech, Local, Volunteering}",Free
One Shot: Learn Typescript From Zero to Hero,https://www.nepvents.com/events/cmanyqczz00087kuyesyjsabz,https://utfs.io/f/XwQF9HrqwfTjaFWjtKE4HWerXFAqQY8hvoVuwTfGD2spZ3d5,Sat May 17 2025,,Online,"{Tech, Web, Online, Free, Education}",Free
5 Days FREE Bootcamp on DevOps  Cloud Fundamentals,https://www.nepvents.com/events/cmanooqzm00007kuys0i6i0bo,https://utfs.io/f/XwQF9HrqwfTjGl3hOZk2U8RQKEPWNIu1lSLryzmFfCvY0ghn,Thu May 15 2025,Tue May 20 2025,Zoom,"{Devops, Tech, Free, Online, Education}",Free
Blockchain Gaming,https://www.nepvents.com/events/cmakuc7ls00009bushty7qhhl,https://utfs.io/f/XwQF9HrqwfTjEGuLmsA7VSHYTlhIxgK5QmPNo9qEk6c8z3jp,Wed May 14 2025,,Online,"{Blockchain, Gaming, Tech, Online, Free, Networking, Business}",Free
Cybersecurity 101: Essentials to Advanced,https://www.nepvents.com/events/cmacoihrg000w7yus6kg1nqra,https://utfs.io/f/XwQF9HrqwfTjOrrM5gkvPF9BEMUaiDmZXYqJRNwetblf3j2g,Wed May 14 2025,Wed May 28 2025,Google Meet,"{Cybersecurity, Tech, Education, Community, Global}",Rs 199 To Rs 399
All Nepal Civil Engineering Model Competition,https://www.nepvents.com/events/cma9cg4cx000i7yusqsult0dd,https://utfs.io/f/XwQF9HrqwfTjBqig8ORGiDYa2Xd0614kqcyEjxzuFLrZpWTm,Tue May 13 2025,Wed May 14 2025,"KU Fountain, Dhulikhel","{Engineering, Sustainability, Environment, Tech, Education, Community, Local}",Rs 500  Rs 2000/Team
Agent Development Kit Hackathon with Google Cloud,https://www.nepvents.com/events/cmant1f3300027kuyt7b5k6ko,https://utfs.io/f/XwQF9HrqwfTjmDNEuYN4W6sSABi9xU75bOMJXyZLjGwT2DQp,Mon May 12 2025,Tue Jun 24 2025,Online,"{Ai, Tech, Online, Global, Engineering, Web}",Free
Civic Tech Hackathon,https://www.nepvents.com/events/cmal1d1bw00049busl5r6mpui,https://utfs.io/f/XwQF9HrqwfTj6eU8vTZr3PxUHnYM1ELDCImp5JSNdOAWj08B,Mon May 12 2025,Sat May 31 2025,Online,"{Tech, Ai, Online, Global, Community, Web}",Free
3 Days Free Web Dev Workshop,https://www.nepvents.com/events/cmacnyra6000u7yuso8ygxr5q,https://utfs.io/f/XwQF9HrqwfTjmDJvU2l4W6sSABi9xU75bOMJXyZLjGwT2DQp,Mon May 12 2025,Wed May 14 2025,"Skill Shikshya, Sankhamul, Kathmandu","{Web, Tech, Education, Free, Local}",Free
Paper Bridge Competition,https://www.nepvents.com/events/cma2k85by0000wjw4m1tzo4qp,https://utfs.io/f/XwQF9HrqwfTjgdYhyybDA3xOh4e5b2aClskm19TuIMvEKiHU,Sun May 11 2025,,"KU Fountain, Dhulikhel","{Engineering, Community, Local, Crafts, Sustainability, Environment}",Rs 300/Team
CADATHON,https://www.nepvents.com/events/cm9o70bzt000cd4usr1z4q3mo,https://utfs.io/f/XwQF9HrqwfTjtsh7QBf9humZ1o6f2ydkLXsJFI7xa5zqcRWM,Sun May 11 2025,,KU Multipurpose Hall,"{Engineering, Tech, Graphic Design, Education, Community, Physical}","Rs 3,500"
AWS Fundamentals Workshop: HandsOn Cloud Computing,https://www.nepvents.com/events/cmae9yqdw00167yus5uwjvyvl,https://utfs.io/f/XwQF9HrqwfTjGpbWuO2U8RQKEPWNIu1lSLryzmFfCvY0ghn2,Sun May 11 2025,,"Kathmandu Model College, Bagbazar","{Tech, Education, Devops, Community, Networking, Free}",Free
Shake Table Competition,https://www.nepvents.com/events/cma2kneww0000yfufkupywhro,https://utfs.io/f/XwQF9HrqwfTjqw2mixlVfZr87osAYxu4HDlmvSQOMPceR3Jh,Sun May 11 2025,Tue May 13 2025,"Fountain, Kathmandu University, Dhulikhel","{Engineering, Crafts, Local, Community, Education, Sustainability, Environment}",Rs 500/Team
Global Azure 2025 Kathmandu,https://www.nepvents.com/events/cmabg9rfe000q7yusmxf7q44m,https://utfs.io/f/XwQF9HrqwfTjawozYJE4HWerXFAqQY8hvoVuwTfGD2spZ3d5,Sat May 10 2025,,Microsoft Teams,"{Tech, Devops, Community, Local, Online, Global, Ai}",Free
Research Paper Presentation: Effect of Policy Variables on the Process of Money Supply,https://www.nepvents.com/events/cmaeb5nmg00187yusyk2ouq7b,https://utfs.io/f/XwQF9HrqwfTjh2m2g97tNXzawdxuByIObAlCLS870jUhemKF,Sat May 10 2025,,Zoom,"{Business, Education, Online, Free, Community}",Free
Quantum Computing in an Intuitive Way,https://www.nepvents.com/events/cmae75ec000147yusynvvogzt,https://utfs.io/f/XwQF9HrqwfTj1djvSHz3Wjv6DBdX0OaqwrZizQbg4RuC2c8l,Sat May 10 2025,,Google Meet,"{Tech, Ai, Online, Education, Community}",Free
IEEE Inspire 2025,https://www.nepvents.com/events/cma9du795000k7yuscxheizbt,https://utfs.io/f/XwQF9HrqwfTjXYag5crqwfTjOsybvlkWM2S8QnHuDRZ3pa17,Sat May 10 2025,,"Leapfrog Technology, Charkhal Rd, Kathmandu","{Tech, Community, Local, Networking, Online, Hybrid}",Free
NEPAL HACKERONE LIVE HACKING MEETUP,https://www.nepvents.com/events/cma3xv60z00067yusp9zwxqez,https://utfs.io/f/XwQF9HrqwfTj0glDo9Y5bn4gdxRqZ5tYm9soLAPrQiHFO3hB,Sat May 10 2025,Sat May 17 2025,Kathmandu,"{Cybersecurity, Tech, Community, Networking, Hybrid}",Free
Inter School Quiz Competition,https://www.nepvents.com/events/cm9tqm2o4000qd4us9szs1wqz,https://utfs.io/f/XwQF9HrqwfTjWV7ycJeP8myf5nKd9tXM0SDFlVBh3pTR6Zau,Wed May 07 2025,,"Kathmandu University, Multipurpose Hall","{Education, Local, Community, Tech}",Rs. 1200 Per Team
SANKALPA25 SCHOLAR TALK,https://www.nepvents.com/events/cm9tsuoxe000sd4usy89zy8yf,https://utfs.io/f/XwQF9HrqwfTjrvaP4pLSOglbE0LkcT5DUmj1FNHwf9y3qRud,Wed May 07 2025,,"Mini Auditorium, Kathmandu University","{Tech, Sustainability, Environment, Education, Community, Local, Physical}",Free
SEO 101: The Basics,https://www.nepvents.com/events/cma9c6945000g7yusntdo57w5,https://utfs.io/f/XwQF9HrqwfTjZTaQeMhpMIPs6uRvbctfj2E4wQqJ9rzLohUg,Wed May 07 2025,Fri May 16 2025,Google Meet,"{Tech, Marketing, Education, Online, Ai}",Rs 200 To Rs 400
AI in Action,https://www.nepvents.com/events/cmaqekpol0008bpuyoxb285b6,https://utfs.io/f/XwQF9HrqwfTjSsEezgtnxzUmqZ01vVQLFAdYJ5j4erwPaIEB,Tue May 06 2025,Wed Jun 18 2025,Online,"{Ai, Tech, Devops, Data Analysis, Engineering, Online, Global, Web}",Free
3Day Free UI/UX Design Workshop,https://www.nepvents.com/events/cm9wbs4zk0016d4us26sxzrab,https://utfs.io/f/XwQF9HrqwfTj2Fll2dzqXSxzpiTehQKu0HEgl753DdLZ1jWY,Mon May 05 2025,Wed May 07 2025,"Skill Shikshya, Sankhamul, Kathmandu","{Tech, Education, Free}",Free
ALL NEPAL SURVEY COMPETITION,https://www.nepvents.com/events/cm9wbvr0z0018d4usnguuhubg,https://utfs.io/f/XwQF9HrqwfTj8SxxDQ3gq6t3vKOapAV4gmHXFkCS1d0zZBGr,Sun May 04 2025,,"KU Central Campus, Dhulikhel","{Engineering, Local, Tech, Community, Education, Environment}",Rs. 1500/Team
Public Speaking Workshop,https://www.nepvents.com/events/cma9dzygz000m7yus5uu9d2yg,https://utfs.io/f/XwQF9HrqwfTjXWTxOvTrqwfTjOsybvlkWM2S8QnHuDRZ3pa1,Sun May 04 2025,,"Kathmandu University, Dhulikhel","{Community, Education, Networking, Local, Free}",Free
"LinkedIn for Medicine: Ease, Engage, Excel",https://www.nepvents.com/events/cma6t7bo1000a7yusbidj29ae,https://utfs.io/f/XwQF9HrqwfTjmoKWh34W6sSABi9xU75bOMJXyZLjGwT2DQpk,Sat May 03 2025,,Zoom,"{Tech, Health, Education, Business, Networking, Marketing, Online, Free}",Free
Global IME Banks AI/ML Hackathon 2025,https://www.nepvents.com/events/cm7rmwm1v000eabur0r850nxq,https://utfs.io/f/XwQF9HrqwfTjYNn9NqTviajJ942LktEHeC8IdPpcXxbwmlhs,Thu May 01 2025,,"Kathmandu, Nepal","{Ai, Tech, Business, Online, Data Analysis, Engineering}",Free
LIVE ART COMPETITION,https://www.nepvents.com/events/cm9tt4dnt000ud4us4nda9ftv,https://utfs.io/f/XwQF9HrqwfTjfGxp3ZNUX4hNxKH0Sdo1R7QJzgq8UmunyGVb,Wed Apr 30 2025,,Basantapur Durbar Square,"{Art, Culture, Local, Free, Community, Environment}",Rs. 150
Nepal Hacks  SecurityPal: AI Unleashed,https://www.nepvents.com/events/cm8et4byv000mbmurx1oiwf5a,https://utfs.io/f/XwQF9HrqwfTjF4OFqe5MhOLcf4kR1AyQxHdrg57MiIWjnPBY,Tue Apr 29 2025,Thu May 01 2025,"SecurityPal Nepal Office, Kathmandu","{Ai, Tech, Cybersecurity, Community, Free, Local}",Free
COMPETITIVE STRATEGY FROM SEARCH,https://www.nepvents.com/events/cm9ttql82000yd4usd4usuy92,https://utfs.io/f/XwQF9HrqwfTjbfff4i8SQnULGupAtgZ8vCorJ6S92NKz7hVB,Tue Apr 29 2025,,Online,"{Marketing, Business, Tech, Networking, Online, Free}",Free
Fusemachines  AI Fellowship 2025,https://www.nepvents.com/events/cm7uq9v5i000qaburk5eiov62,https://utfs.io/f/XwQF9HrqwfTjkEWCl7JDeWApaoNh4nQMRr1SgUKVyqxj8Lud,Mon Apr 28 2025,,Online,"{Ai, Tech, Education, Online, Global, Free, Engineering}",Free
Smarter Hiring Decisions with Google Gemini,https://www.nepvents.com/events/cm9wd6wy3001ed4us00agcrvx,https://utfs.io/f/XwQF9HrqwfTjE4NL8CA7VSHYTlhIxgK5QmPNo9qEk6c8z3jp,Sat Apr 26 2025,,"Reliance College, Chabahil, Kathmandu","{Ai, Tech, Community, Local, Networking, Free}",Free
Firebase Studio  Gemini AI Vibe Coding Session,https://www.nepvents.com/events/cm9wddaei001gd4uslc2360yw,https://utfs.io/f/XwQF9HrqwfTjK4gaHIn4OuWldSU7xfzNFRyPBJbVsiLXT2jq,Sat Apr 26 2025,,"Reliance College, Saraswatinagar, Chabahil, Kathmandu","{Ai, Web, Tech, Community, Local}",Free
CTRL  SHIFT  Google,https://www.nepvents.com/events/cm9wc9zg2001ad4usqiwio7r3,https://utfs.io/f/XwQF9HrqwfTjKeHBytn4OuWldSU7xfzNFRyPBJbVsiLXT2jq,Sat Apr 26 2025,,"Hatiya Line, R.D, Itahari","{Tech, Community, Local, Education, Networking, Free}",Free
Idea to Interface  A Beginners Guide to UI/UX Design,https://www.nepvents.com/events/cm9ttxgsh0010d4usaewzj1og,https://utfs.io/f/XwQF9HrqwfTjfG2Wx9dUX4hNxKH0Sdo1R7QJzgq8UmunyGVb,Sat Apr 26 2025,,Online,"{Graphic Design, Art, Marketing, Tech, Free, Online, Education}",Free
Digital Footprints That Lead To Opportunity,https://www.nepvents.com/events/cm9r8mzt8000kd4us7dc9autm,https://utfs.io/f/XwQF9HrqwfTjVG72hgQ37Yns0CP4k2JbBwW5KlE1gyraTe8m,Sat Apr 26 2025,,Google Meet,"{Tech, Community, Online, Networking, Free, Education}",Free
Software Development  Career Guidance,https://www.nepvents.com/events/cm9wd04c5001cd4usxg8oyvpg,https://utfs.io/f/XwQF9HrqwfTjNkkSPvYixLu294R05jGOUXEzDfb8C6sghvIH,Sat Apr 26 2025,,Google Meet,"{Tech, Devops, Community, Education, Networking, Online, Free}",Free
IEEE Seminar: Building Academic Impact through Research and Publication,https://www.nepvents.com/events/cm9ttd8vg000wd4usbwqln56w,https://utfs.io/f/XwQF9HrqwfTjDOHYj7RNtO4AHMNwciK5yB62C0pe7RgDqhrf,Fri Apr 25 2025,,"Siddhartha Cottage, Dhobighat, Lalitpur","{Tech, Education, Networking, Community}",Rs 200  Rs 1000
Building the Next Breakout Blockchain Startup From Nepal,https://www.nepvents.com/events/cm9o7c39i000ed4usvklrrmsv,https://utfs.io/f/XwQF9HrqwfTjzjw30BR0Te9sDf1GFIpEYo4mvtQcHhJ5Ruiz,Wed Apr 23 2025,,Online,"{Blockchain, Tech, Web, Community, Startup, Online, Global, Education}",Free
Python Workshop: The Gateway to Web Development  AI,https://www.nepvents.com/events/cm9lfd7a60006d4uslq943igd,https://utfs.io/f/XwQF9HrqwfTjA0Cwco9Pxpj6kOt1bgVCRDLuhlGdofnWyvIN,Wed Apr 23 2025,Fri Apr 25 2025,"Skill Shikshya, Sankhamul, Kathmandu","{Tech, Ai, Education, Free, Local}",Free
10Day AI  ML Workshop,https://www.nepvents.com/events/cm9lgfabd0008d4uskc21ejfk,https://utfs.io/f/XwQF9HrqwfTjbUBLDISQnULGupAtgZ8vCorJ6S92NKz7hVBl,Wed Apr 23 2025,Fri May 02 2025,Online,"{Ai, Tech, Online, Education}",Free
Photography Contest,https://www.nepvents.com/events/cm9r8z0jp000md4us7cxeqhgd,https://utfs.io/f/XwQF9HrqwfTjnwGQYLaYW3R9LCEytg0MvVOUz5xklSpBhuif,Mon Apr 21 2025,Sat May 10 2025,Kathmandu University,"{Art, Culture, Local, Community}",Rs. 100 Per Photo
Sui HackerHouse Hackathon,https://www.nepvents.com/events/cm8gtoxyd0014bmur1p2z5stm,https://utfs.io/f/XwQF9HrqwfTjewSKKsEyMnt8l59psZcYFHj6aU17iBJgVwSL,Mon Apr 21 2025,Fri Apr 25 2025,"Techflow Space, Chhauni, Kathmandu","{Ai, Blockchain, Tech, Community, Local}",Free
5Days Practical Graphics Designing Training,https://www.nepvents.com/events/cm98n6z9l0000bqusq64gdsxr,https://utfs.io/f/XwQF9HrqwfTjDOJwOGjNtO4AHMNwciK5yB62C0pe7RgDqhrf,Sun Apr 20 2025,Thu Apr 24 2025,Online,"{Graphic Design, Education, Art, Community, Online}",Rs 300
DAJ Community Session,https://www.nepvents.com/events/cm9r88e4i000id4usa675fznm,https://utfs.io/f/XwQF9HrqwfTj1Crbgp2z3Wjv6DBdX0OaqwrZizQbg4RuC2c8,Sun Apr 20 2025,,Google Meet,"{Tech, Gaming, Online, Community, Entertainment}",Free
AI for Beginners,https://www.nepvents.com/events/cm9d5h3tq0008bqusgydo5gf3,https://utfs.io/f/XwQF9HrqwfTjYYUdBATviajJ942LktEHeC8IdPpcXxbwmlhs,Sun Apr 20 2025,,Google Meet,"{Ai, Tech, Online, Community}",Free
DevOps Kathmandu Connect 2025,https://www.nepvents.com/events/cm7hwpqk3000ed6urlbss41zs,https://utfs.io/f/XwQF9HrqwfTj1qM5D1z3Wjv6DBdX0OaqwrZizQbg4RuC2c8l,Sat Apr 19 2025,,"Kathmandu, Nepal","{Tech, Devops, Community, Local, Networking, Ai, Engineering}",Rs 800
Crafting a CV That Stands Out,https://www.nepvents.com/events/cm9lf8qok0004d4us2cjyhypt,https://utfs.io/f/XwQF9HrqwfTjlHp26iF8mvMGw6BYSlLxnTaruOVzIR54dJqf,Sat Apr 19 2025,,Google Meet,"{Education, Networking, Free, Tech, Community}",Free
Perplexity Hackathon,https://www.nepvents.com/events/cm9lbcrzd0002d4usli9naljy,https://utfs.io/f/XwQF9HrqwfTj8EPxCYgq6t3vKOapAV4gmHXFkCS1d0zZBGrU,Wed Apr 16 2025,Thu May 29 2025,Online,"{Ai, Tech, Global, Engineering, Community, Business, Online}",Free
Research Paper 101: From Research to Publication,https://www.nepvents.com/events/cm8ymc7aj000eaduq4omw3xrb,https://utfs.io/f/XwQF9HrqwfTjGEtYsS2U8RQKEPWNIu1lSLryzmFfCvY0ghn2,Sun Apr 13 2025,,Zoom,"{Education, Tech, Free, Online}",Free
Freelancing and Tech Trends: Unlock Career Opportunities,https://www.nepvents.com/events/cm9ce24oz0006bqust88lgjms,https://utfs.io/f/XwQF9HrqwfTj70iRTmKeYTiransNmUq72W3HfxwkpM6Q1yGC,Sat Apr 12 2025,,"Texas International College, Mitrapark, Kathmandu","{Tech, Community, Business, Networking, Free, Education}",Free
Research Talk12,https://www.nepvents.com/events/cm95qpoxb000yaduqut4ymyov,https://utfs.io/f/XwQF9HrqwfTjgEmvP4bDA3xOh4e5b2aClskm19TuIMvEKiHU,Sat Apr 12 2025,,Virtual,"{Education, Online, Community, Networking, Free}",Free
AI FOR THE NEXT GEN,https://www.nepvents.com/events/cm9bdgdk80004bqus72kmuc0e,https://utfs.io/f/XwQF9HrqwfTjVHmIPuQ37Yns0CP4k2JbBwW5KlE1gyraTe8m,Sat Apr 12 2025,,Hotel Pokhara Grande,"{Ai, Tech, Community, Local, Business, Networking, Free}",Free
AI x Web3 Hackathon,https://www.nepvents.com/events/cm6w3eic9000md72l013tv9dp,https://utfs.io/f/XwQF9HrqwfTjf1NMxiUX4hNxKH0Sdo1R7QJzgq8UmunyGVbs,Fri Apr 11 2025,Sun Apr 13 2025,"HimalAI Hacker House, Kirtipur","{Ai, Blockchain, Networking, Tech, Local, Community}",Free
Mastering Data  Generative AI on AWS,https://www.nepvents.com/events/cm8zgzcu2000oaduqs5wfrjlu,https://utfs.io/f/XwQF9HrqwfTjEUOWxBA7VSHYTlhIxgK5QmPNo9qEk6c8z3jp,Thu Apr 10 2025,,"Hyatt Centric, Soalteemode, Kathmandu","{Ai, Tech, Education, Engineering, Community}",Free
Student Empowerment and Learning Program,https://www.nepvents.com/events/cm8zdsb2e000iaduq93mukula,https://utfs.io/f/XwQF9HrqwfTjqMJbVsNlVfZr87osAYxu4HDlmvSQOMPceR3J,Wed Apr 09 2025,Sat Apr 12 2025,"Mechi Multiple Campus, Bhadrapur","{Education, Tech, Community, Local, Networking, Free}",Free
Bitcoin 2025 Official Hackathon,https://www.nepvents.com/events/cm99vnmbk0002bqusrqx5pd3i,https://utfs.io/f/XwQF9HrqwfTjLUoo2GWjkBZY0Fdn9vwG5lJ23q4KUMAXQg6f,Mon Apr 07 2025,Thu May 29 2025,Online,"{Blockchain, Tech, Online, Global, Community, Business, Free}",Free
7Day Digital Marketing Workshop,https://www.nepvents.com/events/cm94edoum000waduql4ovfl41,https://utfs.io/f/XwQF9HrqwfTjc2oaVbvgyrSYbhN31O5ZCtUn9pqf7jLWPRBa,Mon Apr 07 2025,Sun Apr 13 2025,Google Meet,"{Marketing, Tech, Education, Online, Community}",Rs. 300
Cybersecurity Unlocked: Your Path to a Secure Future,https://www.nepvents.com/events/cm911awsn000qaduqr8wsy86s,https://utfs.io/f/XwQF9HrqwfTjisBoHMO3oKd0cVfW2RqtDsHNP4wTX8YA6By9,Sun Apr 06 2025,,Google Meet,"{Cybersecurity, Free, Online, Education, Tech, Community, Networking}",Free
Global AI Bootcamp Kathmandu  2025,https://www.nepvents.com/events/cm860jia60002d2usmnpknbmo,https://utfs.io/f/XwQF9HrqwfTjWPYupnieP8myf5nKd9tXM0SDFlVBh3pTR6Za,Sun Apr 06 2025,,"Embark College, Pulchowk, Kathmandu","{Ai, Tech, Community, Local, Education, Networking, Free}",Free
UI/UX Designing: 3Day Practical Workshop,https://www.nepvents.com/events/cm8zelmog000maduqprwkw1pr,https://utfs.io/f/XwQF9HrqwfTj4V8qVgxbfJtwHeACUaQEVR6YyujiW1mxXM53,Sat Apr 05 2025,Mon Apr 07 2025,"Siddhanath Science Campus, Mahendranagar","{Graphic Design, Community, Art, Tech, Education}",NPR 49
Fulbright Masters Scholarship Virtual Info Session,https://www.nepvents.com/events/cm8q7o95d000a6quy5spy5j0e,https://utfs.io/f/XwQF9HrqwfTjgTvgeGbDA3xOh4e5b2aClskm19TuIMvEKiHU,Fri Apr 04 2025,,Zoom,"{Education, Online, Global, Free}",Free
Unlocking Digital Rights  Online Safety,https://www.nepvents.com/events/cm8ze05wf000kaduqyv4c5me9,https://utfs.io/f/XwQF9HrqwfTjKEVd2A3n4OuWldSU7xfzNFRyPBJbVsiLXT2j,Fri Apr 04 2025,,Google Meet,"{Tech, Education, Cybersecurity, Community, Networking, Free, Online}",Free
Building AI Agents,https://www.nepvents.com/events/cm911rhgn000saduqez8ucgv6,https://utfs.io/f/XwQF9HrqwfTjgOTVYObDA3xOh4e5b2aClskm19TuIMvEKiHU,Fri Apr 04 2025,,Online,"{Ai, Tech, Online, Community, Free}",Free
WordCamp Nepal 2025,https://www.nepvents.com/events/cm67qtw3l0000ut30oobsg638,https://utfs.io/f/XwQF9HrqwfTj7zFjtZKeYTiransNmUq72W3HfxwkpM6Q1yGC,Fri Apr 04 2025,Sat Apr 05 2025,"Kundalini Durbar Banquet, Chandol, Kathmandu","{Web, Tech, Community, Networking, Physical}",Rs. 20005000
3 Days QA Workshop,https://www.nepvents.com/events/cm8fwo0vy000wbmurndpshtbz,https://utfs.io/f/XwQF9HrqwfTjx4KVPADtrn9F6XQ3SCPf2ysERecM4dw7jVzO,Wed Apr 02 2025,Fri Apr 04 2025,"Skill Shikshya, Sankhamul, Kathmandu","{Tech, Education, Online, Local}",Free
Data Engineering in US Healthcare,https://www.nepvents.com/events/cm8u2fqvg0002aduqbidm9r1l,https://utfs.io/f/XwQF9HrqwfTjZKK2W1YhpMIPs6uRvbctfj2E4wQqJ9rzLohU,Wed Apr 02 2025,,Google Meet,"{Tech, Health, Online, Global, Education}",Free
Blockchain Fellowship IX,https://www.nepvents.com/events/cm8d8wi2q000ibmurikc1cxdg,https://utfs.io/f/XwQF9HrqwfTj5qqw2D87zFA9fGIpYj6N1DReMoXqtC4TaSLn,Tue Apr 01 2025,Mon Jun 30 2025,"Sanepa2 Lalitpur, Nepal","{Blockchain, Tech, Education, Networking, Free, Hybrid, Online}",Free
Babal Entrepreneurship  Investment Challenge 2025,https://www.nepvents.com/events/cm8fnjp8v000ubmurcfvlv8ar,https://utfs.io/f/XwQF9HrqwfTjMPSEgZmmqc0aAIhY7XHU5slLe19DupwNE4zS,Tue Apr 01 2025,Sat Jun 21 2025,Kathmandu Valley,"{Entrepreneurship, Startup, Networking, Business}",Free
5Day Graphics Design Workshop,https://www.nepvents.com/events/cm8ip0b5o001abmurhc02rs2k,https://utfs.io/f/XwQF9HrqwfTjTik6b10a6ciKvXzrYlSyhNqbJoQ9Eke7VCtj,Sun Mar 30 2025,Fri Apr 04 2025,"Mount Annapurna Campus, Parsyang","{Graphic Design, Art, Community, Tech, Local}",Rs. 80 Or Rs 150
GDG Kathmandu Meetup March,https://www.nepvents.com/events/cm8g0ng3m000ybmurg58zs5je,https://utfs.io/f/XwQF9HrqwfTjqfBT1zlVfZr87osAYxu4HDlmvSQOMPceR3Jh,Sun Mar 30 2025,,"Security Pal, Buddhi Sagar Marg","{Tech, Community, Local, Networking, Business}",Rs 350 Or 500
"Reflections on College, Tech, and Career",https://www.nepvents.com/events/cm8u30k7z0004aduqlliia8s5,https://utfs.io/f/XwQF9HrqwfTjUn5xX3BI6CfPhcdEWGKAjNrFl9nbyR3Vo5pw,Sun Mar 30 2025,,Google Meet,"{Tech, Education, Community, Networking, Free, Online}",Free
AlgoArena,https://www.nepvents.com/events/cm8x0ovcz000caduqkhaade1w,https://utfs.io/f/XwQF9HrqwfTjCNIKObVUoNwVS69thjdRGMfYeBZskgPlxumD,Sun Mar 30 2025,Wed Apr 30 2025,Online,"{Tech, Ai, Web, Community, Online, Global, Free}",Free
In Conversation with a Senior Site Reliability Engineer,https://www.nepvents.com/events/cm8twfd990000aduqo3axc203,https://utfs.io/f/XwQF9HrqwfTjf3hiuxUX4hNxKH0Sdo1R7QJzgq8UmunyGVbs,Sat Mar 29 2025,,Online,"{Tech, Devops, Community, Networking, Online, Free}",Free
Power BI Workshop,https://www.nepvents.com/events/cm8i6hnf90016bmurfkfhcf9e,https://utfs.io/f/XwQF9HrqwfTjCjcI6vUVUoNwVS69thjdRGMfYeBZskgPlxum,Fri Mar 28 2025,,"Deerwalk Complex, Sifal, Kathmandu","{Tech, Education, Business, Networking, Free}",Free
Mastering Data Science in 2025,https://www.nepvents.com/events/cm8jqen0n00026quy62j36q7n,https://utfs.io/f/XwQF9HrqwfTjglyLEwbDA3xOh4e5b2aClskm19TuIMvEKiHU,Thu Mar 27 2025,,Zoom,"{Ai, Tech, Education, Business, Networking, Free, Online}",Free
Youth Hackfest 2025 Nepal,https://www.nepvents.com/events/cm7rg4rf9000aabura8cbplli,https://utfs.io/f/XwQF9HrqwfTjG8x4bq2U8RQKEPWNIu1lSLryzmFfCvY0ghn2,Thu Mar 27 2025,Mon Mar 31 2025,"Kathmandu University, Dhulikhel","{Tech, Ai, Health, Local, Community, Blockchain, Web, Networking}",Rs 2500 Or 7500
Tech Kura Kani: Exploring LLMs and MCP,https://www.nepvents.com/events/cm8fke6zz000sbmurikd2e07j,https://utfs.io/f/XwQF9HrqwfTjtBDq4v1f9humZ1o6f2ydkLXsJFI7xa5zqcRW,Thu Mar 27 2025,,"Naxal, Kathmandu","{Tech, Web, Ai, Community, Networking, Local}",Free
AI and Blockchain 101,https://www.nepvents.com/events/cm8jq31za00006quyjlc1v1g9,https://utfs.io/f/XwQF9HrqwfTjtnc6Pyf9humZ1o6f2ydkLXsJFI7xa5zqcRWM,Wed Mar 26 2025,,"Chhauni, Kathmandu","{Ai, Blockchain, Tech, Community, Free, Education}",Free
Cyber Security Career Session,https://www.nepvents.com/events/cm8lxesb000086quya1pu6b77,https://utfs.io/f/XwQF9HrqwfTjfMfM7vUX4hNxKH0Sdo1R7QJzgq8UmunyGVbs,Mon Mar 24 2025,,Google Meet,"{Tech, Online, Free, Education}",Free
Digital Marketing Workshop,https://www.nepvents.com/events/cm8g18jwa0010bmurnovifytf,https://utfs.io/f/XwQF9HrqwfTj6TGOkGZr3PxUHnYM1ELDCImp5JSNdOAWj08B,Mon Mar 24 2025,Thu Mar 27 2025,Google Meet,"{Marketing, Business, Tech, Online, Education, Community}",Free
AI x Blockchain Meet,https://www.nepvents.com/events/cm8gsmwuz0012bmur9w2vgect,https://utfs.io/f/XwQF9HrqwfTjNyJr00ixLu294R05jGOUXEzDfb8C6sghvIHr,Sun Mar 23 2025,,Google Meet,"{Ai, Blockchain, Tech, Online, Networking, Community}",Free
"Code, Commit, Collaborate: A Handson GitHub Workshop",https://www.nepvents.com/events/cm8eqtwvg000kbmurmitso6o2,https://utfs.io/f/XwQF9HrqwfTj4u0VaJxbfJtwHeACUaQEVR6YyujiW1mxXM53,Sun Mar 23 2025,,"PKMC, Bagbazaar, Kathmandu","{Tech, Devops, Community, Local, Education, Free}",Free
LinkedIn Optimization and Introduction to Medium,https://www.nepvents.com/events/cm8i6uywy0018bmurf89ptvks,https://utfs.io/f/XwQF9HrqwfTjXWt6CtTrqwfTjOsybvlkWM2S8QnHuDRZ3pa1,Sat Mar 22 2025,,Google Meet,"{Tech, Networking, Marketing, Online, Free, Education}",Free
Exploring PhD/MS Opportunities in the USA,https://www.nepvents.com/events/cm8fa8vce000qbmur3f6ohtsa,https://utfs.io/f/XwQF9HrqwfTjvf4SJ8XmEuzhkQvb8SyT1LZ26MnCD5xqGNtF,Sat Mar 22 2025,,Google Meet,"{Education, Online, Tech}",Free
MERN Stack Workshop,https://www.nepvents.com/events/cm892sn44000abmur1d1lfjpl,https://utfs.io/f/XwQF9HrqwfTjLlgmpiWjkBZY0Fdn9vwG5lJ23q4KUMAXQg6f,Mon Mar 17 2025,Fri Mar 21 2025,Online,"{Web, Education, Tech, Community, Free, Online}",Rs 250
Free Flutter Workshop,https://www.nepvents.com/events/cm7t88a89000iaburnggldn13,https://utfs.io/f/XwQF9HrqwfTjBqiYQBzGiDYa2Xd0614kqcyEjxzuFLrZpWTm,Mon Mar 17 2025,Sun Mar 23 2025,Online,"{Mobile Development, Education, Tech, Online}",Free
Cybersecurity  Penetration Testing Workshop,https://www.nepvents.com/events/cm8313go2000m8yusca4f43sz,https://utfs.io/f/XwQF9HrqwfTjfGGEpzBUX4hNxKH0Sdo1R7QJzgq8UmunyGVb,Mon Mar 17 2025,,"Arambha College, Chitwan, Nepal","{Cybersecurity, Education, Tech, Community}",Free
3 Days Digital Marketing Workshop,https://www.nepvents.com/events/cm80452d4000i8yusbdh0yqip,https://utfs.io/f/XwQF9HrqwfTjgtSoBBybDA3xOh4e5b2aClskm19TuIMvEKiH,Sun Mar 16 2025,Tue Mar 18 2025,Google Meet,"{Marketing, Online, Free, Tech, Education, Business}",Free
LinkedIn Workshop: Optimize  Grow,https://www.nepvents.com/events/cm88qsdv00008bmur3ohx14fz,https://utfs.io/f/XwQF9HrqwfTjgqGXwabDA3xOh4e5b2aClskm19TuIMvEKiHU,Sun Mar 16 2025,,Google Meet,"{Tech, Community, Networking, Marketing, Online, Free, Education}",Free
Classroom to Career: Navigating Economics and Job Skills,https://www.nepvents.com/events/cm87e952a0006bmurud4lxfmg,https://utfs.io/f/XwQF9HrqwfTjUFMHcrBI6CfPhcdEWGKAjNrFl9nbyR3Vo5pw,Sun Mar 16 2025,,Zoom Online,"{Education, Business, Networking, Online, Tech}",Free
Digital Marketing Bootcamp,https://www.nepvents.com/events/cm87321ru0000bmurc3hm3nhx,https://utfs.io/f/XwQF9HrqwfTjMYhMprmmqc0aAIhY7XHU5slLe19DupwNE4zS,Sun Mar 16 2025,Sat Mar 22 2025,"Kharaayo HQ, Birtamode5, Jhapa","{Marketing, Tech, Education, Free, Local, Business}",Free
Free 8Days Python  FastAPI Workshop,https://www.nepvents.com/events/cm7xigyiy000e8yusvgrj6o03,https://utfs.io/f/XwQF9HrqwfTjZOBnfLhpMIPs6uRvbctfj2E4wQqJ9rzLohUg,Sat Mar 15 2025,Sat Mar 22 2025,Online,"{Web, Education, Tech, Community, Free, Online}",Free
Fulbright Masters Scholarship Virtual Info Session,https://www.nepvents.com/events/cm7ws0ysa00008yuszsos7hxe,https://utfs.io/f/XwQF9HrqwfTj0KrhZY5bn4gdxRqZ5tYm9soLAPrQiHFO3hBE,Fri Mar 14 2025,,Online,"{Education, Online, Community, Global}",Free
HoliFest 2025,https://www.nepvents.com/events/cm7nkffsa0000aburvki7pfpf,https://utfs.io/f/XwQF9HrqwfTjS3J0antnxzUmqZ01vVQLFAdYJ5j4erwPaIEB,Thu Mar 13 2025,,"Palette Cafe  Bar, Sanepa Chowk.","{Culture, Entertainment, Free, Community}",Free
7day React Native Workshop,https://www.nepvents.com/events/cm7z2292v000g8yusx7d6r9rj,https://utfs.io/f/XwQF9HrqwfTjjpKuf1ctvZrbUlDyi8xqshRcI60SmNY3MwoJ,Wed Mar 12 2025,Tue Mar 18 2025,Online,"{Tech, Online, Education, Free, Devops}",Free
Session on Statistics  Data Science Opportunities,https://www.nepvents.com/events/cm831c1fp000o8yusodo9safm,https://utfs.io/f/XwQF9HrqwfTjSUMHZ7xtnxzUmqZ01vVQLFAdYJ5j4erwPaIE,Tue Mar 11 2025,,Google Meet,"{Data Analysis, Education, Networking, Online, Tech}",Free
Free Digital Marketing Workshop,https://www.nepvents.com/events/cm7vru6ro000saburur4f5am7,https://utfs.io/f/XwQF9HrqwfTj5vhkIU87zFA9fGIpYj6N1DReMoXqtC4TaSLn,Mon Mar 10 2025,Wed Mar 12 2025,"Skill Shikshya, Sankhamul","{Marketing, Tech, Free, Education, Business, Networking}",Free
3Day Cybersecurity Bootcamp,https://www.nepvents.com/events/cm7xhw529000a8yusobw8sdyb,https://utfs.io/f/XwQF9HrqwfTj2BgtsfqXSxzpiTehQKu0HEgl753DdLZ1jWYG,Sun Mar 09 2025,Tue Mar 11 2025,Online,"{Cybersecurity, Education, Tech, Online, Community}",Free
DePIN Cash Landing  Kathmandu,https://www.nepvents.com/events/cm7x0h9gu00028yusmbcffcpm,https://utfs.io/f/XwQF9HrqwfTjVJgYY0Q37Yns0CP4k2JbBwW5KlE1gyraTe8m,Sun Mar 09 2025,,"Kirtipur, Kathmandu","{Blockchain, Community, Tech, Networking}",Free
3D Web Design Bootcamp,https://www.nepvents.com/events/cm873g1m90002bmure8202eus,https://utfs.io/f/XwQF9HrqwfTjpvh3UtuOiayJ85c3eUGqxIFpkmMQhZTKltsH,Sun Mar 09 2025,Sat Mar 15 2025,"Kharaayo HQ, Birtamode5, Jhapa","{Web, Graphic Design, Tech, Community, Education}",Free
AWS Women Summit Nepal  2025,https://www.nepvents.com/events/cm7j8lff60004eaurb62az9xc,https://utfs.io/f/XwQF9HrqwfTjO7jehBkvPF9BEMUaiDmZXYqJRNwetblf3j2g,Sat Mar 08 2025,,"KMC, Bagbazaar, Kathmandu","{Tech, Community, Local, Education, Networking, Devops}","Rs 250 Students, Rs 500 Others"
DWIT Job Fair 2025,https://www.nepvents.com/events/cm7tfgig8000mabur6g37yhz9,https://utfs.io/f/XwQF9HrqwfTjBqiVPRuGiDYa2Xd0614kqcyEjxzuFLrZpWTm,Sat Mar 08 2025,,"DWIT Sifal, Kathmandu","{Tech, Networking, Startup, Business, Education, Community, Local, Free}",Free
"Mastering AI Agents: Power, Applications, and Innovation",https://www.nepvents.com/events/cm7xi7hed000c8yusm97n4uek,https://utfs.io/f/XwQF9HrqwfTjkmYWYaJDeWApaoNh4nQMRr1SgUKVyqxj8Lud,Sat Mar 08 2025,,Online,"{Ai, Tech, Education, Community, Online, Free}",Free
SXC SANDBOX 2.0,https://www.nepvents.com/events/cm723yml6000cjw2lfjnrhp2h,https://utfs.io/f/XwQF9HrqwfTjOniTOIkvPF9BEMUaiDmZXYqJRNwetblf3j2g,Fri Mar 07 2025,Sun Mar 09 2025,"St. Xaviers College, Maitighar, Kathmandu","{Tech, Local, Community, Networking, Startup, Entrepreneurship, Education}","Rs. 6000, Rs. 5000 Early Bird"
HerCanvas: Women in Creation,https://www.nepvents.com/events/cm7uedz6a000oabur4ms6k1rs,https://utfs.io/f/XwQF9HrqwfTjWQDuGQeP8myf5nKd9tXM0SDFlVBh3pTR6Zau,Fri Mar 07 2025,,"PKMC, Bagbazaar, Kathmandu","{Graphic Design, Art, Free, Tech, Community}",Free
SCDS TechFest Hackathon 2025,https://www.nepvents.com/events/cm7xb1esi00088yush245rtzy,https://utfs.io/f/XwQF9HrqwfTjqzD60tlVfZr87osAYxu4HDlmvSQOMPceR3Jh,Wed Mar 05 2025,Mon Mar 10 2025,Online,"{Ai, Online, Global, Tech, Community}",Free
How to Get into your Dream University,https://www.nepvents.com/events/cm7tbvb1c000kaburf3vo01pl,https://utfs.io/f/XwQF9HrqwfTjmVxkLQ4W6sSABi9xU75bOMJXyZLjGwT2DQpk,Wed Mar 05 2025,,Online  Zoom,"{Education, Tech, Global, Community}",Free
7 day JavaScript Workshop,https://www.nepvents.com/events/cm7ja8e9w0006eaurh8jzu2dz,https://utfs.io/f/XwQF9HrqwfTjjh6zMctvZrbUlDyi8xqshRcI60SmNY3MwoJA,Wed Mar 05 2025,Tue Mar 11 2025,Google Meet,"{Web, Tech, Education, Online, Free}",Free
Handson AWS Camp: Exploring EC2  Linux CLI,https://www.nepvents.com/events/cm7a7ebxz0006do2lib778xpq,https://utfs.io/f/XwQF9HrqwfTjU0zRufBI6CfPhcdEWGKAjNrFl9nbyR3Vo5pw,Mon Mar 03 2025,,"St. Xaviers College, Maitighar, Kathmandu","{Devops, Education, Web, Tech}",Free
Coding,https://www.nepvents.com/events/cm7p2mkna0002aburgtw8z1nm,https://utfs.io/f/XwQF9HrqwfTjbF7tjwSQnULGupAtgZ8vCorJ6S92NKz7hVBl,Sun Mar 02 2025,,Google Meet,"{Tech, Education, Online, Free}",Free
Virtual Graphic Design Training  Mentorship Program,https://www.nepvents.com/events/cm77th26b000wjw2lgqcuyvhb,https://utfs.io/f/XwQF9HrqwfTje9AGJoyMnt8l59psZcYFHj6aU17iBJgVwSLC,Sat Mar 01 2025,Fri Mar 07 2025,Online,"{Graphic Design, Education, Community, Tech, Art}",Free
CSITAN Hackfest,https://www.nepvents.com/events/cm6jav1n8000icf2klesrid0i,https://utfs.io/f/XwQF9HrqwfTjxewyW2Dtrn9F6XQ3SCPf2ysERecM4dw7jVzO,Fri Feb 28 2025,Sun Mar 02 2025,"Saptagandaki Multiple Campus, Chitwan","{Tech, Community, Ai, Web, Engineering, Robotics, Education, Networking}",Rs. 3000/Team
Research Talk Shows V,https://www.nepvents.com/events/cm7hxut820000eaursm20k63e,https://utfs.io/f/XwQF9HrqwfTjewgD2jUyMnt8l59psZcYFHj6aU17iBJgVwSL,Thu Feb 27 2025,,"ICTC Hall, Pulchowk Campus","{Education, Tech, Engineering}",Free
WOMEN IN LEAD: VOICES THAT MATTER,https://www.nepvents.com/events/cm7k1pr4m0008eaurm2uo1bwc,https://utfs.io/f/XwQF9HrqwfTj8NO7mVgq6t3vKOapAV4gmHXFkCS1d0zZBGrU,Wed Feb 26 2025,,"DHall, Pulchowk Campus","{Community, Education, Networking, Local}",Free
Workshop on Prompt Engineering,https://www.nepvents.com/events/cm7h91a5d000cd6urltplzkev,https://utfs.io/f/XwQF9HrqwfTjredwSeNLSOglbE0LkcT5DUmj1FNHwf9y3qRu,Tue Feb 25 2025,,"FHall, Pulchowk Campus","{Ai, Tech, Education, Free, Local}",Free
Graphic Design Workshop,https://www.nepvents.com/events/cm73glrln000ejw2lbd52nm19,https://utfs.io/f/XwQF9HrqwfTj9dz6YSpGP3T2XwU7RnDdmhE5pOgste4LJiAN,Tue Feb 25 2025,,"Skill Shikshya, Sankhamul, Kathmandu","{Tech, Free, Local, Art, Graphic Design, Web, Hybrid}",Free
C Programming Crash Course,https://www.nepvents.com/events/cm7fy62uw0000d6urxy5f9obh,https://utfs.io/f/XwQF9HrqwfTjQWbCRZjcrSdfDstpM8NqXgEyn4ujm1ZekGF5,Tue Feb 25 2025,Fri Feb 28 2025,Virtual Zoom,"{Tech, Education, Online, Free, Engineering}",Free
Infotech Table Tennis Tournament,https://www.nepvents.com/events/cm7h116d30006d6urjf6hk6oj,https://utfs.io/f/XwQF9HrqwfTjSdCIQGtnxzUmqZ01vVQLFAdYJ5j4erwPaIEB,Mon Feb 24 2025,,Patan Multiple Campus,"{Gaming, Entertainment, Community}",Rs 100 Free For Female Participants
Infotech Chess Tournament,https://www.nepvents.com/events/cm7h157vw0008d6ur8cua18oh,https://utfs.io/f/XwQF9HrqwfTjQFuUUQjcrSdfDstpM8NqXgEyn4ujm1ZekGF5,Mon Feb 24 2025,,Patan Multiple Campus,"{Chess, Gaming, Entertainment, Community}",Rs 100
Infotech Badminton Tournament,https://www.nepvents.com/events/cm7h18v9y000ad6urxqv5qiiw,https://utfs.io/f/XwQF9HrqwfTj5KIZbv87zFA9fGIpYj6N1DReMoXqtC4TaSLn,Mon Feb 24 2025,,Patan Multiple Campus,"{Badminton, Community, Tech, Gaming, Entertainment, Physical}",Rs 100 Free For Females
Global AI Chapter Kathmandu 2025,https://www.nepvents.com/events/cm79a7f7a0000do2law11hagq,https://utfs.io/f/XwQF9HrqwfTja3XFULE4HWerXFAqQY8hvoVuwTfGD2spZ3d5,Sun Feb 23 2025,,"Ncell Icon, Lainchaur, Kathmandu","{Ai, Blockchain, Community, Local, Tech, Networking, Free}",Free
LOCUS Research Symposium 2025,https://www.nepvents.com/events/cm7fs5t4v0000hyw44fc09vwe,https://utfs.io/f/XwQF9HrqwfTjXqo308rqwfTjOsybvlkWM2S8QnHuDRZ3pa17,Sun Feb 23 2025,,"ICTC Conference Hall, Pulchowk Campus","{Education, Tech, Networking, Physical}",Free
"Exploring MLSA, GitHub Campus Expert, and Huawei Seeds For The Future",https://www.nepvents.com/events/cm76duxsm000mjw2las61n6te,https://utfs.io/f/XwQF9HrqwfTjbfDe5pcSQnULGupAtgZ8vCorJ6S92NKz7hVB,Sat Feb 22 2025,,Google Meet,"{Tech, Education, Networking, Online, Web, Ai, Volunteering}",Free
AWS GenAI Camp,https://www.nepvents.com/events/cm7a5atu60004do2lvxdn33ax,https://utfs.io/f/XwQF9HrqwfTj671jbJsZr3PxUHnYM1ELDCImp5JSNdOAWj08,Sat Feb 22 2025,,"Patan Multiple Campus, Lalitpur","{Ai, Web, Tech, Community, Local, Free}",Free
Global Power Platform Bootcamp 2025,https://www.nepvents.com/events/cm6rru62h000cd72lz7v0jk2s,https://utfs.io/f/XwQF9HrqwfTjRGOA83CQgcoIUd2JTBYPGf4NX1LjaH3h7syw,Sat Feb 22 2025,,Microsoft Teams Virtual,"{Tech, Community, Global, Online, Free}",Free
1v1 RoboSoccer Championship,https://www.nepvents.com/events/cm77mpzou000sjw2l2b5z2c0r,https://utfs.io/f/XwQF9HrqwfTjhu996Z7tNXzawdxuByIObAlCLS870jUhemKF,Thu Feb 20 2025,,Pulchowk Campus Ground,"{Engineering, Robotics, Football, Tech, Entertainment}",Rs 2000/Team
Nepal TechnoFest 2025 Musical Fest,https://www.nepvents.com/events/cm79c1n5r0002do2lwhup74wg,https://utfs.io/f/XwQF9HrqwfTj5PZ2qY87zFA9fGIpYj6N1DReMoXqtC4TaSLn,Thu Feb 20 2025,,IOE Pulchowk Campus Ground,"{Music, Free, Entertainment, Local}",Free
Azure AI Developer Hackathon,https://www.nepvents.com/events/cm7bv2x590008do2lx4axzr1i,https://utfs.io/f/XwQF9HrqwfTjxs77tLDtrn9F6XQ3SCPf2ysERecM4dw7jVzO,Tue Feb 18 2025,Fri Mar 28 2025,Online,"{Ai, Tech, Devops, Online, Global}",Free
Python Bootcamp 3.0,https://www.nepvents.com/events/cm76ek0ss000ojw2l3rfdayub,https://utfs.io/f/XwQF9HrqwfTjfGMZiqjUX4hNxKH0Sdo1R7QJzgq8UmunyGVb,Tue Feb 18 2025,Sat Feb 22 2025,Google Meet,"{Tech, Education, Online, Ai, Data Analysis, Community}",Rs 100
Research Talk Shows  IV,https://www.nepvents.com/events/cm77ovxma000ujw2l9gs7wx1n,https://utfs.io/f/XwQF9HrqwfTjb6n4HqSQnULGupAtgZ8vCorJ6S92NKz7hVBl,Mon Feb 17 2025,Tue Feb 18 2025,"ICTC Conference Hall, Pulchowk Campus","{Tech, Education, Community, Local, Free}",Free
NRCC Panel Discussion 2025,https://www.nepvents.com/events/cm6ucdnc5000gd72lr5d7g7ls,https://eweuey2djw.ufs.sh/f/XwQF9HrqwfTjgtqpmukbDA3xOh4e5b2aClskm19TuIMvEKiH,Sun Feb 16 2025,,"St. Xaviers College, Maitighar, Kathmandu","{Tech, Community, Local, Education, Sustainability, Business, Networking, Free}",Free
AWS UG Women in Tech Meetup  GenAI Camp,https://www.nepvents.com/events/cm6z873wo0002jw2lizbcgtoq,https://utfs.io/f/XwQF9HrqwfTjSF3TNAtnxzUmqZ01vVQLFAdYJ5j4erwPaIEB,Sun Feb 16 2025,,"WRC, Pokhara","{Tech, Ai, Community, Local, Devops, Web, Networking, Free}",Free
Networking  Elevating with LinkedIn,https://www.nepvents.com/events/cm75of8z6000gjw2l6uko60gi,https://utfs.io/f/XwQF9HrqwfTjawjGcgE4HWerXFAqQY8hvoVuwTfGD2spZ3d5,Sun Feb 16 2025,,Google Meet,"{Tech, Community, Networking, Online, Free}",Free
VOX ASTRA 300k Prize Pool,https://www.nepvents.com/events/cm5v0ydsw0000hy50xjqz1bem,https://d112y698adiu2z.cloudfront.net/photos/production/challenge_thumbnails/003/193/880/datas/medium_square.png,Sat Feb 15 2025,Sun Feb 23 2025,Online,"{Tech, Community, Online, Health, Local, Free}",Free
Hackathon 2025,https://www.nepvents.com/events/cm71l3t0s000ajw2l55v7tzyr,https://utfs.io/f/XwQF9HrqwfTjF437Vl0MhOLcf4kR1AyQxHdrg57MiIWjnPBY,Sat Feb 15 2025,Sun Feb 16 2025,Kathford International College,"{Tech, Local, Community, Networking, Web, Blockchain, Ai, Engineering}","NPR 7,000 Per Team"
Nepal Cloud Azure Camp,https://www.nepvents.com/events/cm68wr9930000buv02bgkrf7q,https://utfs.io/f/XwQF9HrqwfTjzn5vHhR0Te9sDf1GFIpEYo4mvtQcHhJ5Ruiz,Sat Feb 15 2025,,Microsoft Teams,"{Web, Tech, Devops, Community, Networking, Free, Online}",Free
Global AI Agents League,https://www.nepvents.com/events/cm77kxqrp000qjw2lgc3496df,https://utfs.io/f/XwQF9HrqwfTjzgtE6kR0Te9sDf1GFIpEYo4mvtQcHhJ5Ruiz,Fri Feb 14 2025,Wed Apr 09 2025,Online,"{Ai, Blockchain, Tech, Online, Global}",Free
AWS GenAI Meetup 2025,https://www.nepvents.com/events/cm70kuj3y0008jw2l16j527id,https://utfs.io/f/XwQF9HrqwfTjTrMC8j0a6ciKvXzrYlSyhNqbJoQ9Eke7VCtj,Fri Feb 14 2025,,"Genese Solution, Bakhundole","{Ai, Tech, Community, Local, Networking, Free}",Free
National School Team Chess Tournament 2081,https://www.nepvents.com/events/cm67da8b70000kgtx5pshzg85,https://utfs.io/f/XwQF9HrqwfTj07uRUM5bn4gdxRqZ5tYm9soLAPrQiHFO3hBE,Thu Feb 13 2025,Sat Feb 15 2025,"Khwopring English School, Bhaktapur","{Physical, Chess}",Rs 1000/Team
Building the NextGen Agentic App with GraphRAG  NVIDIA cuGraph,https://www.nepvents.com/events/cm70fqoo90006jw2lvmdgn64p,https://utfs.io/f/XwQF9HrqwfTjtgx6H0f9humZ1o6f2ydkLXsJFI7xa5zqcRWM,Wed Feb 12 2025,Sun Mar 09 2025,Online,"{Ai, Tech, Online, Global, Free, Blockchain, Data Analysis, Engineering}",Free
Spardha 3.0 Futsal Competition,https://www.nepvents.com/events/cm6kwrx360000l4n46lcz273n,https://utfs.io/f/XwQF9HrqwfTjbGOCWySQnULGupAtgZ8vCorJ6S92NKz7hVBl,Wed Feb 12 2025,,To be decided,"{Football, Physical, Community}",Free
PLC  HMI Workshop,https://www.nepvents.com/events/cm6vuc87w000id72l4rm894oa,https://utfs.io/f/XwQF9HrqwfTjLUrVVXWjkBZY0Fdn9vwG5lJ23q4KUMAXQg6f,Tue Feb 11 2025,Thu Feb 13 2025,Pulchowk Campus,"{Tech, Education, Engineering, Community}",Rs 100 Refundable
Spardha 3.0 Idea Pitching Competition,https://www.nepvents.com/events/cm6kwxz4a0000opnr6xiqvkzr,https://utfs.io/f/XwQF9HrqwfTj9SuxAQpGP3T2XwU7RnDdmhE5pOgste4LJiAN,Tue Feb 11 2025,,To be decided,"{Business, Pitching, Networking, Entrepreneurship, Startup}",Free
Spardha 3.0 Hackathon Competition,https://www.nepvents.com/events/cm6kx5fml0000z8ctghvuh4up,https://utfs.io/f/XwQF9HrqwfTj7a1oyjNKeYTiransNmUq72W3HfxwkpM6Q1yG,Mon Feb 10 2025,Tue Feb 11 2025,To be decided,"{Ai, Web, Tech, Blockchain, Engineering, Community, Pitching}",Free
Research Talk Shows  II,https://www.nepvents.com/events/cm6wdj2q1000od72l6hwc475c,https://utfs.io/f/XwQF9HrqwfTjFhLIEdMhOLcf4kR1AyQxHdrg57MiIWjnPBYS,Mon Feb 10 2025,Tue Feb 11 2025,"ICTC Conference Hall, Pulchowk Campus","{Tech, Education, Community, Local, Engineering}",Free
Spardha 3.0 Quiz Competition,https://www.nepvents.com/events/cm6kxf61g000013yhuj8wq3vv,https://utfs.io/f/XwQF9HrqwfTjrr0YtvLSOglbE0LkcT5DUmj1FNHwf9y3qRud,Mon Feb 10 2025,,To be decided,"{Education, Community, Networking, Physical}",Free
CodeYatra 2025,https://www.nepvents.com/events/cm6l44zwa0000bd02s0su8qs1,https://utfs.io/f/XwQF9HrqwfTjULEW4SBI6CfPhcdEWGKAjNrFl9nbyR3Vo5pw,Sun Feb 09 2025,Tue Feb 11 2025,Himalayan College of Engineering,"{Ai, Web, Tech, Mobile Development, Engineering, Robotics, Community}",Rs 5000/Team
CodeFlow,https://www.nepvents.com/events/cm6xkuow10002d42l8a6qkmdg,https://utfs.io/f/XwQF9HrqwfTj2F4i98JqXSxzpiTehQKu0HEgl753DdLZ1jWY,Sun Feb 09 2025,Fri Feb 14 2025,Online,"{Web, Tech, Online, Global, Ai, Graphic Design, Engineering}",Free
"Nova Hacks III  Feature Article, 29K NonCash Prize",https://www.nepvents.com/events/cm6xl19ng0004d42ldrzx21ab,https://d112y698adiu2z.cloudfront.net/photos/production/challenge_thumbnails/003/256/189/datas/medium_square.png,Sun Feb 09 2025,Sat Mar 08 2025,Online,"{Tech, Environment, Sustainability, Online, Global, Community, Education}",Free
Design Workshop 2025,https://www.nepvents.com/events/cm6qj0jgn0008d72lj649vt4a,https://utfs.io/f/XwQF9HrqwfTjfGMvL90UX4hNxKH0Sdo1R7QJzgq8UmunyGVb,Sun Feb 09 2025,Thu Feb 13 2025,"DoECE, Pulchowk Campus","{Tech, Education, Free, Graphic Design, Community, Networking}",Free
Resume Building Workshop,https://www.nepvents.com/events/cm6pauody0004d72lixtve0ws,https://utfs.io/f/XwQF9HrqwfTjNMgQ1SixLu294R05jGOUXEzDfb8C6sghvIHr,Sun Feb 09 2025,,Google Meet,"{Tech, Education, Online, Free, Networking}",Free
Empowering Youth in IT Python Workshop,https://www.nepvents.com/events/cm6gibmig0004cf2kmgp9afli,https://utfs.io/f/XwQF9HrqwfTjYJPZ7XTviajJ942LktEHeC8IdPpcXxbwmlhs,Sun Feb 09 2025,Sat Feb 15 2025,Online,"{Tech, Education, Online}",Affordable
Brain Meet Bytes: A Gen AI Talent Hunt,https://www.nepvents.com/events/cm6n99qco0000g3d0xtj8fgbe,https://utfs.io/f/XwQF9HrqwfTjTI3Zh0a6ciKvXzrYlSyhNqbJoQ9Eke7VCtjO,Fri Feb 07 2025,,"Seattle, USA","{Ai, Tech, Business, Networking, Startup, Pitching, Hybrid, Online, Global}",Free
Git  Github Workshop,https://www.nepvents.com/events/cm6rqiw4h000ad72lmdyy3bb5,https://utfs.io/f/XwQF9HrqwfTjfGksKsKUX4hNxKH0Sdo1R7QJzgq8UmunyGVb,Thu Feb 06 2025,,Sagarmatha College of Science and Technology,"{Tech, Devops, Community, Education, Free, Online}",Free
Digital Jam,https://www.nepvents.com/events/cm6ruwwfk000ed72l7vlz8h19,https://utfs.io/f/XwQF9HrqwfTj0zqMfb5bn4gdxRqZ5tYm9soLAPrQiHFO3hBE,Tue Feb 04 2025,Fri Feb 28 2025,Online,"{Tech, Online, Global, Community}",Free
Web Scraping 101,https://www.nepvents.com/events/cm6kut27t000qcf2kfxvrv87s,https://utfs.io/f/XwQF9HrqwfTjbftkUHGSQnULGupAtgZ8vCorJ6S92NKz7hVB,Tue Feb 04 2025,Wed Feb 05 2025,"DOECE 302, Pulchowk Campus","{Web, Tech, Free, Ai, Networking}",Free
Research Talk Shows  I,https://www.nepvents.com/events/cm6oqjnfa0000d72lgg6xytjl,https://utfs.io/f/XwQF9HrqwfTjalfvnME4HWerXFAqQY8hvoVuwTfGD2spZ3d5,Tue Feb 04 2025,Wed Feb 05 2025,"ICTC Conference Hall, Pulchowk Campus","{Tech, Education, Local, Free}",Free
Research Paper Reading Session,https://www.nepvents.com/events/cm6jjltak000kcf2ke267hh00,https://utfs.io/f/XwQF9HrqwfTjbgix76SQnULGupAtgZ8vCorJ6S92NKz7hVBl,Mon Feb 03 2025,,Online,"{Tech, Environment, Sustainability, Online, Free, Education}",Free
AWS GenAI Camp,https://www.nepvents.com/events/cm6hx85wx000gcf2kioqwy32h,https://utfs.io/f/XwQF9HrqwfTjBsMApNGiDYa2Xd0614kqcyEjxzuFLrZpWTmw,Sun Feb 02 2025,,"Himalaya College of Engineering, Lalitpur","{Ai, Web, Tech, Devops, Community, Local, Education, Free}",Free
MLX Hackathon,https://www.nepvents.com/events/cm6m55l41000scf2kq4v6pew4,https://utfs.io/f/XwQF9HrqwfTjSUqUxigtnxzUmqZ01vVQLFAdYJ5j4erwPaIE,Sat Feb 01 2025,Wed Feb 26 2025,Online,"{Ai, Global, Online, Tech, Engineering}",Free
"Research Workshop, IEEE Pulchowk Campus",https://www.nepvents.com/events/cm6gnhog4000acf2kz1cmc9c5,https://utfs.io/f/XwQF9HrqwfTjQxyQlJjcrSdfDstpM8NqXgEyn4ujm1ZekGF5,Sat Feb 01 2025,Sun Feb 02 2025,Virtual,"{Education, Online, Tech, Community, Networking}",Free
FutureForge,https://www.nepvents.com/events/cm6nkrtww000ycf2krdxyzwod,https://utfs.io/f/XwQF9HrqwfTjADSEb9Pxpj6kOt1bgVCRDLuhlGdofnWyvIN7,Sat Feb 01 2025,Tue Feb 25 2025,Online,"{Health, Education, Global, Tech, Ai, Sustainability, Community, Online}",Free
Data Science Bootcamp Orientation,https://www.nepvents.com/events/cm6kquteb000ocf2kirl9n3wn,https://utfs.io/f/XwQF9HrqwfTjYRU1UUTviajJ942LktEHeC8IdPpcXxbwmlhs,Sat Feb 01 2025,,"Kanti Path, Kathmandu","{Education, Tech, Business, Networking, Online, Hybrid}",Free
ROBOTHON,https://www.nepvents.com/events/cm69sygfa0000111h7a7596i9,https://utfs.io/f/XwQF9HrqwfTjOs9zNB2kvPF9BEMUaiDmZXYqJRNwetblf3j2,Fri Jan 31 2025,Sun Feb 02 2025,"IOE, Purwanchal Campus","{Engineering, Robotics, Tech}",Rs 2500/Team
Grand Hackathon DELTA 2025,https://www.nepvents.com/events/cm69gipdb0000gv5x4wum7c91,https://utfs.io/f/XwQF9HrqwfTjBq4jpd4GiDYa2Xd0614kqcyEjxzuFLrZpWTm,Fri Jan 31 2025,Sun Feb 02 2025,"IOE, Purwanchal Campus","{Tech, Ai, Web, Engineering, Robotics, Community}",Rs 25003500/Team
Yathartha Dataverse 2025,https://www.nepvents.com/events/cm6ci6mq40000hys4he9nkqj5,https://utfs.io/f/XwQF9HrqwfTjiSlhi6O3oKd0cVfW2RqtDsHNP4wTX8YA6By9,Wed Jan 29 2025,,IOE Thapathali Campus,"{Ai, Tech, Local, Community, Networking}",NPR 100 Per Team
NTBNS Art Competition 2081,https://www.nepvents.com/events/cm6gkamp30008cf2kdu0q52am,https://utfs.io/f/XwQF9HrqwfTj1YqRkFz3Wjv6DBdX0OaqwrZizQbg4RuC2c8l,Wed Jan 29 2025,,"Sagarmatha Engineering College, Sanepa, Lalitpur","{Art, Community, Local, Free}",Free
NTBNS Quiz Competition 2081,https://www.nepvents.com/events/cm6giz3qk0006cf2k5qou5fhv,https://utfs.io/f/XwQF9HrqwfTjivPaisO3oKd0cVfW2RqtDsHNP4wTX8YA6By9,Wed Jan 29 2025,,"Sagarmatha Engineering College, Sanepa, Lalitpur","{Tech, Education, Local, Free, Community}",Free
Clash of Code,https://www.nepvents.com/events/cm5wt2pmb00023zh5kvm1049l,https://utfs.io/f/XwQF9HrqwfTjNsElZrixLu294R05jGOUXEzDfb8C6sghvIHr,Tue Jan 28 2025,,"IOE Thapathali Campus, Thapathali","{Ai, Web, Tech, Engineering, Community, Networking}",Rs 100
Airavat Innovates,https://www.nepvents.com/events/cm6dkij0o0000cf2kuvb1c0mx,https://utfs.io/f/XwQF9HrqwfTjA3no659Pxpj6kOt1bgVCRDLuhlGdofnWyvIN,Sun Jan 26 2025,Tue Jan 28 2025,Online,"{Ai, Web, Tech, Global, Online, Community}",Free
Full Stack Development Bootcamp,https://www.nepvents.com/events/cm6am2x84000014bvigmlb1dp,https://utfs.io/f/XwQF9HrqwfTjUotywEBI6CfPhcdEWGKAjNrFl9nbyR3Vo5pw,Sat Jan 25 2025,,"Above Mandala Book Point, Kanti Path, Kathmandu","{Web, Tech, Community, Education, Free, Hybrid}",Free
Tech Students Meetup,https://www.nepvents.com/events/cm695pw080000yrsczmitmeyj,https://utfs.io/f/XwQF9HrqwfTj4cKOb1xbfJtwHeACUaQEVR6YyujiW1mxXM53,Sat Jan 25 2025,,"Uniglobe College, New Baneshwor","{Tech, Web, Devops, Ai, Engineering, Community}",Free
Build Your Own AI Chat Bot,https://www.nepvents.com/events/cm6c591510004fz2lhhijnq7s,https://utfs.io/f/XwQF9HrqwfTjXHyXtdrqwfTjOsybvlkWM2S8QnHuDRZ3pa17,Sat Jan 25 2025,Fri Mar 14 2025,Online,"{Ai, Tech, Online, Global, Free}",Free
Maths Olympiad,https://www.nepvents.com/events/cm69f1cb900004yvq2yh2sex2,https://utfs.io/f/XwQF9HrqwfTjtwFxvgf9humZ1o6f2ydkLXsJFI7xa5zqcRWM,Sat Jan 25 2025,,"K.K. International School, Dharan","{Education, Physical, Local, Community}",Rs 100/Team
Financial Literacy Class,https://www.nepvents.com/events/cm69fmdw7000011x02aqxsuf2,https://utfs.io/f/XwQF9HrqwfTjESiRmDA7VSHYTlhIxgK5QmPNo9qEk6c8z3jp,Fri Jan 24 2025,,Sun Securities Pvt. Ltd,"{Community, Education, Business, Entrepreneurship, Pitching, Marketing}",Free
LOCUS 2025,https://www.nepvents.com/events/cm697ry7i000011s2c0fbktiv,https://utfs.io/f/XwQF9HrqwfTjucNcI31nIXAgb8aDPqW1SsQGdevkh60Yzo3E,Fri Jan 24 2025,Sun Jan 26 2025,"Pulchowk Campus, Lalitpur","{Ai, Web, Tech, Mobile Development, Engineering, Community, Volunteering, Networking, Free}",Free
Live Session with Geshan Manandhar,https://www.nepvents.com/events/cm68uvgcb0000vffji5waojc3,https://utfs.io/f/XwQF9HrqwfTj2EB8f7qXSxzpiTehQKu0HEgl753DdLZ1jWYG,Thu Jan 23 2025,,Google Meet,"{Web, Tech, Devops, Engineering}",Free
ReactJS Bootcamp,https://www.nepvents.com/events/cm5y3g6uz0002g6894ucinitv,https://utfs.io/f/XwQF9HrqwfTjCtw1d4VUoNwVS69thjdRGMfYeBZskgPlxumD,Thu Jan 23 2025,Sat Jan 25 2025,Online Zoom,"{Web, Tech, Online, Education}",Free
Master AI with LLMs  RAG Workshop,https://www.nepvents.com/events/cm63jmz0k0002nzlwmu5z9wc2,https://utfs.io/f/XwQF9HrqwfTjtBFdKTTf9humZ1o6f2ydkLXsJFI7xa5zqcRW,Mon Jan 20 2025,Wed Jan 22 2025,Online,"{Ai, Online, Tech, Community, Free}",Free
Umee gRPC Hackathon,https://www.nepvents.com/events/cm624zo850004in2li3xzffff,https://utfs.io/f/XwQF9HrqwfTj8I5hq6gq6t3vKOapAV4gmHXFkCS1d0zZBGrU,Sat Jan 18 2025,Mon Jan 20 2025,Online,"{Tech, Devops, Online, Global}",Free
Vault and Terraform for Absolute Beginners,https://www.nepvents.com/events/cm6hflr6u000ccf2kccaygqve,https://utfs.io/f/XwQF9HrqwfTjF4HYlEkMhOLcf4kR1AyQxHdrg57MiIWjnPBY,Sat Jan 18 2025,,"Sagarmatha College of Science and Technology, Sanepa, Lalitpur","{Tech, Devops, Education, Free}",Free
IngeniumSTEM Winter Hacks 1.0,https://www.nepvents.com/events/cm62562720006in2lnoddy3s9,https://utfs.io/f/XwQF9HrqwfTjMhT1enmmqc0aAIhY7XHU5slLe19DupwNE4zS,Fri Jan 17 2025,Sun Mar 30 2025,Online,"{Ai, Web, Tech, Education, Sustainability, Online}",Free
iHack,https://www.nepvents.com/events/cm60pjof60002in2lcbapejqa,https://utfs.io/f/XwQF9HrqwfTjmDNC90h4W6sSABi9xU75bOMJXyZLjGwT2DQp,Fri Jan 17 2025,Thu Jan 23 2025,Online,"{Education, Tech, Online, Ai, Global, Free}",Free
Talk Series II: Team Building  Collaboration,https://www.nepvents.com/events/cm5wsnpoa0002z044jl39dy1u,https://utfs.io/f/XwQF9HrqwfTjNjch4UixLu294R05jGOUXEzDfb8C6sghvIHr,Thu Jan 16 2025,,"Embark College, Pulchowk, Lalitpur","{Community, Business, Networking, Startup, Free, Marketing, Pitching, Entrepreneurship}",Free
Workshop on AI  ML,https://www.nepvents.com/events/cm63o07x600025w707yfhpwg3,https://utfs.io/f/XwQF9HrqwfTjAVAM579Pxpj6kOt1bgVCRDLuhlGdofnWyvIN,Wed Jan 15 2025,Sat Jan 18 2025,"Pulchowk Campus, Embark College","{Ai, Tech, Free, Physical}",Free
Integration for AI/GenAI Hackathon,https://www.nepvents.com/events/cm5xuo0g30000in2lhxc4raix,https://d2dmyh35ffsxbl.cloudfront.net/assets/defaults/thumbnail-placeholder-8c916ef4da99a222ce6ece077c71c7e282f071f830747b2abb5718018cbfa699.gif,Wed Jan 15 2025,Mon Feb 03 2025,Online,"{Ai, Tech, Online, Global}",Free
"Nosu AI Hackathon 11,300 prizes",https://www.nepvents.com/events/cm5tjjc62000ahyv8trm1rc6k,https://utfs.io/a/eweuey2djw/XwQF9HrqwfTjtBJmdAOf9humZ1o6f2ydkLXsJFI7xa5zqcRW,Fri Jan 10 2025,Thu Jan 16 2025,Online,"{Ai, Tech, Online, Hybrid}",Free
Global Hack Week: Beginners,https://www.nepvents.com/events/cm5tjjphx000ehyv86mkeisic,https://d112y698adiu2z.cloudfront.net/photos/production/challenge_thumbnails/003/200/753/datas/medium_square.jpg,Thu Jan 09 2025,,Online,"{Tech, Community, Online}",Free
Iris Hacks II,https://www.nepvents.com/events/cm5tjj3qn0006hyv8z4rrzwag,https://utfs.io/a/eweuey2djw/XwQF9HrqwfTj2YAI7uqXSxzpiTehQKu0HEgl753DdLZ1jWYG,Thu Jan 09 2025,Mon Jan 13 2025,Online,"{Ai, Web, Tech, Education, Online, Global}",Free
Electroneum Hackathon 2025,https://www.nepvents.com/events/cm5tjirba0002hyv8wsa8p923,https://utfs.io/f/XwQF9HrqwfTjUb6afIBI6CfPhcdEWGKAjNrFl9nbyR3Vo5pw,Tue Jan 07 2025,Fri Mar 07 2025,Online,"{Blockchain, Tech, Online, Global}",Free
ENERGY HACKATHON 8.0,https://www.nepvents.com/events/cm5xpqshm0002g2pem3ghs16a,https://utfs.io/f/XwQF9HrqwfTjzrQalTR0Te9sDf1GFIpEYo4mvtQcHhJ5Ruiz,Mon Jan 06 2025,Sat Jan 11 2025,"Nepal Energy Innovation Center, Kathmandu","{Tech, Engineering, Community, Environment, Sustainability}",Free
NextAI Hack,https://www.nepvents.com/events/cm5vat8530000hy7gluhxzuvd,https://utfs.io/f/XwQF9HrqwfTj0ijnMv5bn4gdxRqZ5tYm9soLAPrQiHFO3hBE,Tue Dec 31 2024,Sun Mar 02 2025,Online,"{Ai, Tech, Online, Community, Global}",Free
SXC HR Conclave  Career Expo 2024,https://www.nepvents.com/events/cm7gblllf0004d6ur24at2bcf,https://utfs.io/f/XwQF9HrqwfTjf7ojC7UX4hNxKH0Sdo1R7QJzgq8UmunyGVbs,Mon Dec 16 2024,Tue Dec 17 2024,"St. Xaviers College, Maitighar, Kathmandu","{Tech, Community, Business, Networking, Marketing, Startup, Education, Free, Local}",Free
Learning Utsav,https://www.nepvents.com/events/cm5e7u7140005hpzl7hprai0p,https://utfs.io/a/eweuey2djw/XwQF9HrqwfTjzkIQ0CR0Te9sDf1GFIpEYo4mvtQcHhJ5Ruiz,Wed Oct 02 2024,Sat Nov 02 2024,Virtual,"{Free, Online, Tech, Ai, Community}",Free
Leapfrog Frogtober Fest 2024,https://www.nepvents.com/events/cm5e7u6f90002hpzlw78j8yp6,https://www.nepvents.com/dummy.jpg,Tue Oct 01 2024,Thu Oct 31 2024,"St Xavier, Maitighar, Kathmandu","{Free, Online, Tech, Ai, Community, Web}",Free
