Title,URL,Image,Date,Location,Tags,Price
Programmers Unknown Battleground,https://www.nepvents.com/events/cmd2ifcum0002a2uy7u4zcuoz,https://utfs.io/f/XwQF9HrqwfTj7oXvdBKeYTiransNmUq72W3HfxwkpM6Q1yGC,Thu Jul 31 2025-Sat Aug 02 2025,"Birtamode, Jhapa","{Tech, Community, Local, Networking, Blockchain, Ai, Graphic Design, Web, Engineering}",Rs 2000Team
Thrive Hackathon 2025,https://www.nepvents.com/events/cmdn04kjm000k7kuyd1y430e0,https://utfs.io/f/XwQF9HrqwfTjxnYlcBDtrn9F6XQ3SCPf2ysERecM4dw7jVzO,Thu Aug 07 2025-Fri Aug 08 2025,"Kathmandu, Nepal","{Tech, Community, Ai, Networking, Web, Robotics, Graphic Design, Mobile Development}",Free
5-Day Session on Digital Marketing,https://www.nepvents.com/events/cmdn6hedl000o7kuytukc4mmv,https://utfs.io/f/XwQF9HrqwfTjeA5MsXyMnt8l59psZcYFHj6aU17iBJgVwSLC,Wed Jul 30 2025-Sun Aug 03 2025,Google Meet,"{Marketing, Online, Tech, Education, Community, Free}",Free
AWS Fundamentals Workshop,https://www.nepvents.com/events/cmdod2ijq000092uyiuuobbhz,https://utfs.io/f/XwQF9HrqwfTjGlmTCGQ2U8RQKEPWNIu1lSLryzmFfCvY0ghn,Sat Aug 02 2025,"Nepal Commerce Campus, Minbhawan, Kathmandu","{Tech, Community, Networking, Free, Devops, Education}",Free
MATLAB and Simulink Workshop,https://www.nepvents.com/events/cmdlvbn85000i7kuykd28fplt,https://utfs.io/f/XwQF9HrqwfTjpO5Dw0uOiayJ85c3eUGqxIFpkmMQhZTKltsH,Sun Aug 03 2025-Thu Aug 07 2025,Pulchowk Campus,"{Engineering, Robotics, Education, Tech, Community}",NRs. 200
QTalk Series Ep 7,https://www.nepvents.com/events/cmdcp48di0004afuy0vwpwsp6,https://utfs.io/f/XwQF9HrqwfTjDIFp7tNtO4AHMNwciK5yB62C0pe7RgDqhrfb,Sat Aug 09 2025,Zoom,"{Tech, Community, Online, Free, Education}",Free
CSITAN Networking Bootcamp 2082,https://www.nepvents.com/events/cmd7mom720008afuy23lhdwsn,https://utfs.io/f/XwQF9HrqwfTjfGqLSvgUX4hNxKH0Sdo1R7QJzgq8UmunyGVb,Sun Aug 10 2025-Tue Aug 12 2025,"Horizon Gautam Buddha School, Drivertole, Tilottama-05","{Tech, Networking, Engineering, Education, Community, Physical}",Rs. 500
Software Fellowship 2.0,https://www.nepvents.com/events/cmdoe3xyq000492uybr3pr1hr,https://utfs.io/f/XwQF9HrqwfTj4nKWU3xbfJtwHeACUaQEVR6YyujiW1mxXM53,Tue Aug 12 2025-Fri Aug 15 2025,Pulchowk,"{Tech, Free, Education, Web, Community, Devops}",Free
NCIT Tech Competition 2.0,https://www.nepvents.com/events/cmdom038m000a92uymkdwr2ou,https://utfs.io/f/XwQF9HrqwfTjLxA80sWjkBZY0Fdn9vwG5lJ23q4KUMAXQg6f,Fri Aug 15 2025,NCIT,"{Tech, Education, Ai, Web, Graphic Design, Free, Community, Networking}",Free
NEPAL-US AI HACKATHON,https://www.nepvents.com/events/cmcplrxwe00067wuyfec9qui2,https://utfs.io/f/XwQF9HrqwfTjn3bRiuaYW3R9LCEytg0MvVOUz5xklSpBhuif,Sun Aug 17 2025-Sun Aug 24 2025,U.S.,"{Ai, Tech, Community, Networking, Online, Engineering}",Free
Code Your Future - Workshop,https://www.nepvents.com/events/cmd8wz7w9000aafuyypvt3apz,https://utfs.io/f/XwQF9HrqwfTjtgWPbjf9humZ1o6f2ydkLXsJFI7xa5zqcRWM,Sat Jul 26 2025-Fri Aug 01 2025,Google Meet,"{Tech, Web, Devops, Community, Local, Education, Networking, Free, Online}",Free
QSilver28  Quantum Programming Workshop,https://www.nepvents.com/events/cmcokn87q00007wuyhcnil9rw,https://utfs.io/f/XwQF9HrqwfTjU2FJpb7BI6CfPhcdEWGKAjNrFl9nbyR3Vo5p,Mon Jul 28 2025-Sat Aug 02 2025,"St. Xaviers College, Maitighar, Kathmandu, Nepal","{Tech, Education, Online, Hybrid, Global, Free, Engineering, Community}",Free
9-Day Node.js  MongoDB Workshop,https://www.nepvents.com/events/cmdfkmhze00028yuyclt97q6l,https://utfs.io/f/XwQF9HrqwfTjAIxuKp9Pxpj6kOt1bgVCRDLuhlGdofnWyvIN,Sat Jul 26 2025-Sun Aug 03 2025,Online,"{Web, Tech, Devops, Free, Online, Education}",Free
Hands-On DevOps BUILD  DEPLOY  MONITOR,https://www.nepvents.com/events/cmdg27s6r00088yuytzara9dw,https://utfs.io/f/XwQF9HrqwfTj0qzYLS5bn4gdxRqZ5tYm9soLAPrQiHFO3hBE,Sun Jul 27 2025-Tue Jul 29 2025,Google Meet,"{Devops, Online, Free, Community, Education, Tech}",Free
UIUX Design Workshop,https://www.nepvents.com/events/cmdhlvgx4000g8yuyp152mnc7,https://utfs.io/f/XwQF9HrqwfTjF44n6Q5MhOLcf4kR1AyQxHdrg57MiIWjnPBY,Sun Jul 27 2025-Sun Aug 17 2025,Google Meet,"{Tech, Graphic Design, Online, Free, Education}",Free
ArcGIS Training for Future-Ready Engineers,https://www.nepvents.com/events/cmdco799y0002afuy5tx2tqtf,https://utfs.io/f/XwQF9HrqwfTjZfMg0EhpMIPs6uRvbctfj2E4wQqJ9rzLohUg,Mon Jul 28 2025-Sun Aug 03 2025,Google Meet,"{Engineering, Online, Education, Tech}",Rs 200-250
Getting Started with Linux  Cybersecurity,https://www.nepvents.com/events/cmdhfqwot000c8yuy4ma8r4k3,https://utfs.io/f/XwQF9HrqwfTjGQU0Y62U8RQKEPWNIu1lSLryzmFfCvY0ghn2,Mon Jul 28 2025-Wed Jul 30 2025,Embark College,"{Tech, Cybersecurity, Free, Education, Community}",Free
Getting Started with AWS Cloud and Its Programs,https://www.nepvents.com/events/cmdiy8kql00067kuyx291m6ja,https://utfs.io/f/XwQF9HrqwfTjiTgkTlO3oKd0cVfW2RqtDsHNP4wTX8YA6By9,Tue Jul 29 2025,"Pulchowk Campus, Library Hall","{Tech, Community, Networking, Education, Engineering, Online}",Free
Cloud One 0 One,https://www.nepvents.com/events/cmdfler3t00048yuyjj8i2eza,https://www.nepvents.com/completed.svg,Sat Jul 26 2025,Google Meet,"{Tech, Community, Education, Networking, Free, Online}",Free
Nepal Cloud Meetup - July 2025,https://www.nepvents.com/events/cmd7jy9rl0006afuyg364rtrw,https://www.nepvents.com/completed.svg,Sat Jul 26 2025,Microsoft Teams,"{Tech, Education, Free, Devops, Ai, Community, Online}",Free
GIT  GITHUB SESSION,https://www.nepvents.com/events/cmdhgc016000e8yuyg6jiluhr,https://www.nepvents.com/completed.svg,Sat Jul 26 2025,"Kharaayo Inc, Birtamode","{Tech, Online, Free, Community, Education}",Free
DAV Codefest 2025,https://www.nepvents.com/events/cmdiza8pu00087kuyw1sdnlri,https://www.nepvents.com/completed.svg,Fri Jul 25 2025-Sun Jul 27 2025,"D.A.V. College, Jawalakhel Lalitpur, Nepal","{Tech, Health, Networking, Community, Ai, Web}",Free
Doodles to Deadlines Navigating Your Creative Career,https://www.nepvents.com/events/cmd8xnrpl000cafuyn9zt5v1i,https://www.nepvents.com/completed.svg,Wed Jul 23 2025,Google Meet,"{Graphic Design, Online, Community, Networking, Free, Tech, Art}",Free
Mapping Your Tech Journey with Project Management,https://www.nepvents.com/events/cmdcps5wv0006afuydwknecaj,https://www.nepvents.com/completed.svg,Tue Jul 22 2025,Kantipur Engineering College KEC,"{Tech, Community, Education, Networking}",Free
Design Thinking Mastering Discovery and Design,https://www.nepvents.com/events/cmdcmcqne0000afuy0lqegc0h,https://www.nepvents.com/completed.svg,Tue Jul 22 2025,Google Meet,"{Tech, Community, Online, Networking, Engineering, Education}",Free
HTML CSS WORKSHOP,https://www.nepvents.com/events/cmd5zi0l20002afuybab7m2yx,https://www.nepvents.com/completed.svg,Sun Jul 20 2025,"CSIT BLOCK, Patan Multiple Campus","{Web, Tech, Education, Free, Online, Community}",Free
Cyber Security  Ethical Hacking Online Workshop,https://www.nepvents.com/events/cmd73ngkg0004afuygsfwbufw,https://www.nepvents.com/completed.svg,Sat Jul 19 2025-Sun Jul 20 2025,Online,"{Cybersecurity, Tech, Education, Online, Free, Community}",Free
Aqore Hackathon 2025 Innovate Staffing with AI,https://www.nepvents.com/events/cmcc09vjp00087vuymfwlbfzr,https://www.nepvents.com/completed.svg,Sat Jul 19 2025-Sun Jul 20 2025,"Techspire College, Kathmandu","{Ai, Tech, Business, Networking, Startup, Free}",Free
IEEE Cubing Nepal 2025,https://www.nepvents.com/events/cmc8h973p00047huw0mp1belm,https://www.nepvents.com/completed.svg,Sat Jul 19 2025-Sun Jul 20 2025,"Pulchowk Campus, Lalitpur, Nepal","{Community, Local, Gaming}",Rs 350
Technomorph Hackathon,https://www.nepvents.com/events/cmd5yzrpr0000afuyz8cpdk87,https://www.nepvents.com/completed.svg,Sat Jul 19 2025,"FSU Hall, Purwanchal Campus","{Tech, Engineering, Robotics, Local, Community}",Free
Git Ready Take Care of Your Code,https://www.nepvents.com/events/cmd4iaz1x0004d4uxvd9wxvym,https://www.nepvents.com/completed.svg,Sat Jul 19 2025,Google Meet,"{Tech, Community, Free, Online, Education, Web, Devops}",Free
Computer Vision Workshop,https://www.nepvents.com/events/cmd8xvll6000eafuy10rlb4v7,https://www.nepvents.com/completed.svg,Fri Jul 18 2025,Sagarmatha Engineering College,"{Tech, Ai, Engineering, Education, Community, Robotics, Free}",Free
Cloud-Native Development Accelerating Delivery with AWS,https://www.nepvents.com/events/cmd0fo76100006tuyagos6foc,https://www.nepvents.com/completed.svg,Wed Jul 16 2025,Google Meet,"{Tech, Devops, Community, Online, Engineering}",Free
MODEL FORGE EP 3  Information Theory,https://www.nepvents.com/events/cmcupchlv0004mdvg9zwv8zes,https://www.nepvents.com/completed.svg,Tue Jul 15 2025,Google Meet,"{Ai, Tech, Online, Education, Free, Community}",Free
Software Fellowship 2026,https://www.nepvents.com/events/cmcubp7860000mdvg3zyshq61,https://www.nepvents.com/completed.svg,Tue Jul 15 2025-Thu Jul 24 2025,Pulchowk Campus,"{Tech, Web, Ai, Cybersecurity, Data Analysis, Networking, Engineering, Community, Education}",NRs. 250
"Bug Bounty 101 Hack, Hunt, Secure",https://www.nepvents.com/events/cmcvst9kj0000a1uyu4s2io11,https://www.nepvents.com/completed.svg,Sat Jul 12 2025-Sun Jul 13 2025,Google Meet,"{Cybersecurity, Tech, Online, Free}",Free
Hack a Flag - All Nepal CTF Contest,https://www.nepvents.com/events/cmcihdsxg00086fuyhcy808ma,https://www.nepvents.com/completed.svg,Fri Jul 11 2025,Pulchowk Campus,"{Tech, Cybersecurity, Community, Networking, Education, Engineering}","Early Bird 3500, IEEE 2500"
DeerHack 2025,https://www.nepvents.com/events/cmamjnnn40006bjus6x88h6e6,https://www.nepvents.com/completed.svg,Fri Jul 11 2025-Sun Jul 13 2025,"Deerwalk Complex, Kathmandu, Nepal","{Ai, Web, Tech, Blockchain, Engineering, Robotics, Community, Education, Networking, Free}",Free
Turboline x IIMS Hackathon 2025,https://www.nepvents.com/events/cmaxhrmzf00049curnun00yfo,https://www.nepvents.com/completed.svg,Thu Jul 10 2025-Sat Jul 12 2025,"Kathmandu, Nepal","{Ai, Tech, Networking, Hybrid, Global, Engineering}",Rs 5000 Team
2-Day Online Workshop on Devops,https://www.nepvents.com/events/cmctz25c400007pux2uu879b0,https://www.nepvents.com/completed.svg,Thu Jul 10 2025-Fri Jul 11 2025,Google Meet,"{Tech, Devops, Online, Education, Community, Web}",Free
Hacking for Empowered Women,https://www.nepvents.com/events/cmbaw8j4v0002bjuyuu6if6ld,https://www.nepvents.com/completed.svg,Wed Jul 09 2025-Fri Jul 11 2025,Selected Teams will be Invited,"{Tech, Community, Health, Culture, Free, Education, Mobile Development, Networking}",Free
"AI, Data  NEPSE  How Tech is Transforming Finance",https://www.nepvents.com/events/cmctzdpp10000aguywehnfc8f,https://www.nepvents.com/completed.svg,Wed Jul 09 2025,Google Meet,"{Ai, Business, Online, Education, Community, Tech}",Free
Prompt Engineering Workshop,https://www.nepvents.com/events/cmcrusahc000a7wuygtcfcyu5,https://www.nepvents.com/completed.svg,Mon Jul 07 2025,Google Meet,"{Ai, Tech, Engineering, Online, Free, Education, Community}",Free
Battle for Speed 2025,https://www.nepvents.com/events/cmcn0aorv000gczuyzeblsh7g,https://www.nepvents.com/completed.svg,Sun Jul 06 2025,"Auditorium Hall, WRC","{Tech, Robotics, Local}",Free
Quantum   Episode 02,https://www.nepvents.com/events/cmcj0t574000a6fuyaz5jh0h8,https://www.nepvents.com/completed.svg,Sat Jul 05 2025,Microsoft Teams,"{Ai, Tech, Engineering, Education, Online, Free}",Free
QTalk Series 2025  Ep 6,https://www.nepvents.com/events/cmckm0r8u0004czuydv2wg9rs,https://www.nepvents.com/completed.svg,Fri Jul 04 2025,Zoom,"{Tech, Online, Community, Education}",Free
Beyond2 The Cosmos Hackathon,https://www.nepvents.com/events/cmcbyisv000067vuylhw5ur4a,https://www.nepvents.com/completed.svg,Fri Jul 04 2025-Sat Jul 05 2025,"Cosmos College of Management and Technology, Lalitpur","{Tech, Community, Education, Networking, Free}",Free
INGENIUM 2025,https://www.nepvents.com/events/cmc00dze5000ed5uy8v2lofzd,https://www.nepvents.com/completed.svg,Thu Jul 03 2025,Nepal Engineering College,"{Engineering, Tech, Robotics, Education, Free, Community, Networking}",Free
IEEE CTF MASTERCLASS The Mentorship Session,https://www.nepvents.com/events/cmbzb80w2000cd5uykhovh76l,https://www.nepvents.com/completed.svg,Thu Jul 03 2025,"Library Hall, Pulchowk Campus","{Cybersecurity, Engineering, Local, Free, Online, Tech, Networking}",Rs 60
7 days Workshop on SolidWorks,https://www.nepvents.com/events/cmckkoksb0000czuyzkxkvo9b,https://www.nepvents.com/completed.svg,Thu Jul 03 2025-Wed Jul 09 2025,"DMAE, Pulchwok Campus","{Engineering, Robotics, Tech, Education, Community}",Rs 300
Coding Challenge For Girls,https://www.nepvents.com/events/cmchnsslx00066fuy757edn9j,https://www.nepvents.com/completed.svg,Wed Jul 02 2025,"Hotel Palm International, Milanchowk, Butwal-9, Rupandehi, Nepal","{Tech, Local, Community, Education, Networking, Free}",Free
CodeSprint Hackathon,https://www.nepvents.com/events/cmc7pdmks00007huwg760ml1j,https://www.nepvents.com/completed.svg,Tue Jul 01 2025,Nepal Engineering College,"{Tech, Engineering, Networking, Ai, Web, Blockchain, Community}",Free
LaTeX Workshop 2025,https://www.nepvents.com/events/cmcbdudf200087huwb8ogsskt,https://www.nepvents.com/completed.svg,Sun Jun 29 2025-Tue Jul 01 2025,Pulchowk Campus,"{Tech, Education, Literature, Engineering, Community}",Rs 100 Refundable
NPLAcademia GradTalk,https://www.nepvents.com/events/cmcbe6ssm000a7huwc23d068f,https://www.nepvents.com/completed.svg,Sat Jun 28 2025,Zoom,"{Education, Networking, Online, Tech, Free, Community}",Free
Improve Workplace Efficiency Using AI,https://www.nepvents.com/events/cmcdm9yfs00046kuxzldokqjx,https://www.nepvents.com/completed.svg,Sat Jun 28 2025,Google Meet,"{Ai, Tech, Education, Business, Online, Hybrid, Free}",Free
ICRTAI 2025,https://www.nepvents.com/events/cmb3nkecf00007iuy8se8didn,https://www.nepvents.com/completed.svg,Sat Jun 28 2025-Sun Jun 29 2025,"Birtamod, Koshi Province, Nepal","{Ai, Tech, Networking, Health, Education, Business, Hybrid}",To Be Updated
Your First Step Into Cloud,https://www.nepvents.com/events/cmc4vxlx6000496uwy8c05w6n,https://www.nepvents.com/completed.svg,Fri Jun 27 2025,Online Zoom,"{Tech, Community, Online, Education, Networking, Free}",Free
STEAM Expo 2025 Project Demonstration,https://www.nepvents.com/events/cmc2sj9q000067ouyf8ogiixi,https://www.nepvents.com/completed.svg,Fri Jun 27 2025,"Forestry Museum, Hetauda-10","{Robotics, Tech, Education, Community, Networking}",Rs.2000Project
Ambition Hackfest 2082,https://www.nepvents.com/events/cmbexx2rn00046huyq54gyxxe,https://www.nepvents.com/completed.svg,Thu Jun 26 2025-Sat Jun 28 2025,"Mid-Baneshwor, Kathmandu","{Tech, Community, Ai, Local, Graphic Design, Web, Engineering, Networking}",Rs. 2000Team
Texas Career Fair 2025,https://www.nepvents.com/events/cmccttcew000a7vuyfkltfmjm,https://www.nepvents.com/completed.svg,Thu Jun 26 2025,"TIC College, Mitrapark, Kathmandu","{Networking, Education, Business, Tech, Community, Local, Free}",Free
5 Day Graphic Design  Illustrator Workshop,https://www.nepvents.com/events/cmc5se7ko000696uwi40p75we,https://www.nepvents.com/completed.svg,Thu Jun 26 2025-Mon Jun 30 2025,Google Meet,"{Graphic Design, Online, Free, Art, Tech}",Free
7-Day Cybersecurity Workshop,https://www.nepvents.com/events/cmc4turho000296uwk1vjzprk,https://www.nepvents.com/completed.svg,Wed Jun 25 2025-Tue Jul 01 2025,Online,"{Cybersecurity, Tech, Online, Education, Free, Community}",Free
The Design Thinking Workshop,https://www.nepvents.com/events/cmc7pxfu100027huwdipuvjoa,https://www.nepvents.com/completed.svg,Tue Jun 24 2025-Wed Jun 25 2025,"ICTC Building, Pulchowk Campus","{Tech, Community, Networking, Education}",Free
"Cloud Native Exchange - Talk Tech, Share Ideas",https://www.nepvents.com/events/cmbfcmq3p00086huy26caqnpu,https://www.nepvents.com/completed.svg,Sun Jun 22 2025,"DeerwalkCollege, Kathmandu","{Tech, Devops, Education, Community, Networking, Engineering}",Free
AWS Fundamentals Workshop Immersive Hands-On Experience,https://www.nepvents.com/events/cmbyjjlwm0004d5uyqa3zjgw4,https://www.nepvents.com/completed.svg,Sat Jun 21 2025,"NCIT, Balkumari, Lalitpur","{Devops, Education, Tech, Community, Networking, Free}",Free
Hack for Business,https://www.nepvents.com/events/cmbnv6cjb0000bsuymjckow27,https://www.nepvents.com/completed.svg,Sat Jun 21 2025-Mon Jun 23 2025,"Kathmandu University , Dhulikhel","{Business, Tech, Community, Entrepreneurship, Engineering}","Rs. 3,500Team"
Proteus PCB Design and Fabrication Workshop,https://www.nepvents.com/events/cmbz8ituh0006d5uy58idytlv,https://www.nepvents.com/completed.svg,Fri Jun 20 2025-Mon Jun 23 2025,"Department of Electrical Engineering, Pulchowk Campus","{Engineering, Education, Tech, Robotics, Community}",Rs. 250
Model Forge Ep 2 Model Training and Evaluation,https://www.nepvents.com/events/cmbz9el5d0008d5uy99k6j938,https://www.nepvents.com/completed.svg,Thu Jun 19 2025,Google Meet,"{Ai, Tech, Online, Education, Free, Community}",Free
The LaunchPad Building Careers  Connections,https://www.nepvents.com/events/cmbqnd9x800008yuxv0d0yk5z,https://www.nepvents.com/completed.svg,Sat Jun 14 2025,"A-one Banquet, Shankhamul","{Tech, Community, Networking, Engineering, Business, Startup, Entrepreneurship, Free, Local}",Rs 150 - Rs 300
Research Talk-13,https://www.nepvents.com/events/cmboqov6y0002bsuy9di33461,https://www.nepvents.com/completed.svg,Sat Jun 14 2025,Virtual,"{Environment, Education, Online, Community, Tech, Engineering}",Free
WordCamp Pokhara 2025,https://www.nepvents.com/events/cmav60xmf000c6juszimzahxc,https://www.nepvents.com/completed.svg,Fri Jun 13 2025-Sat Jun 14 2025,"Pokhara Event Center, Pokhara","{Web, Tech, Community, Local, Networking, Education}",Rs 1200 Students Or Rs 1500
Hack For Nepal,https://www.nepvents.com/events/cmadm58zf00127yusc24f6ydw,https://www.nepvents.com/completed.svg,Thu Jun 12 2025-Sat Jun 14 2025,"NCIT, Balkumari, Lalitpur","{Tech, Community, Local, Health, Ai, Engineering}",Rs 2000Team If Shortlisted
Online Research Paper Writing Workshop,https://www.nepvents.com/events/cmbs8b2to0000s88n6zn56ue8,https://www.nepvents.com/completed.svg,Thu Jun 12 2025,Online,"{Tech, Education, Engineering, Community, Free}",Free
Git  Github Training,https://www.nepvents.com/events/cmbor0a3x0004bsuyhtw8tcw7,https://www.nepvents.com/completed.svg,Wed Jun 11 2025-Thu Jun 12 2025,Online,"{Tech, Devops, Engineering, Education, Online, Free}",Free
Model Forge Ep 1  Optimization Algorithms in Machine Learning,https://www.nepvents.com/events/cmbjlzhlb000o6huyxktt5qq0,https://www.nepvents.com/completed.svg,Wed Jun 11 2025,Google Meet,"{Ai, Tech, Online, Education, Free}",Free
InnoSphere 1.0  Idea Pitching Competition,https://www.nepvents.com/events/cmbhf68p6000a6huyyk9c4g6v,https://www.nepvents.com/completed.svg,Sun Jun 08 2025,"School of Engineering, PU","{Tech, Business, Health, Pitching, Entrepreneurship}",Rs. 100
InnoSphere 1.0  NextGen Innovators Expo School-Level,https://www.nepvents.com/events/cmbhg11sn000e6huyfhhx52yv,https://www.nepvents.com/completed.svg,Sun Jun 08 2025,"School of Engineering, PU","{Tech, Education, Engineering, Robotics, Local, Community, Networking}",Free
InnoSphere 1.0  Hardware Project Exhibition,https://www.nepvents.com/events/cmbhfd8mq000c6huy0pvdt5qt,https://www.nepvents.com/completed.svg,Sun Jun 08 2025,"School of Engineering, PU","{Engineering, Tech, Robotics, Local, Education, Community}",Rs. 500
BMC InnovateX Hackathon,https://www.nepvents.com/events/cm8ymxdxz000gaduqcqb5fqlz,https://www.nepvents.com/completed.svg,Sun Jun 08 2025-Tue Jun 10 2025,"Butwal Multiple Campus, Butwal-03, Rupandehi","{Tech, Community, Blockchain, Networking, Ai, Free, Hybrid, Online, Web, Engineering}",Free
AI  Future on Web Development,https://www.nepvents.com/events/cmbet8kkh00006huyo7545m3z,https://www.nepvents.com/completed.svg,Sat Jun 07 2025,Google Meet,"{Ai, Web, Tech, Online, Education}",Free
AI  ML on AWS,https://www.nepvents.com/events/cmbf4cgl000066huy7mvgd5da,https://www.nepvents.com/completed.svg,Sat Jun 07 2025,"Advance College of Engineering  Management, Kalanki, Kathmandu","{Ai, Tech, Community, Education, Networking, Free}",Free
INKSPIRE Research Writing for Beginners,https://www.nepvents.com/events/cmbds42x90008bouyg3mphr64,https://www.nepvents.com/completed.svg,Sat Jun 07 2025,Google Meet,"{Education, Tech, Online, Community, Free}",Free
Generative AI on AWS,https://www.nepvents.com/events/cmb0s68td00009fuypm9qhkup,https://www.nepvents.com/completed.svg,Fri Jun 06 2025,"IMS Software, Tripureshwor, Kathmandu","{Ai, Tech, Community, Networking, Free}",Free
CodeWar 1.0,https://www.nepvents.com/events/cm9zsnuf800007yusdhvwipy0,https://www.nepvents.com/completed.svg,Thu Jun 05 2025-Fri Jun 06 2025,"BCA Lab, Mechi Multiple Campus","{Tech, Community, Local, Education, Free, Hybrid, Gaming}",Free
Waste Hackathon 2025,https://www.nepvents.com/events/cmawt8x1100029cur3ahvxycl,https://www.nepvents.com/completed.svg,Thu Jun 05 2025,Budhanilkantha Municipality Hall,"{Tech, Environment, Sustainability, Local, Community, Engineering}",Free
Introduction to IoT Unlocking the Future of Connected Devices,https://www.nepvents.com/events/cmbd3a76y0000bouy9xrj7yks,https://www.nepvents.com/completed.svg,Thu Jun 05 2025,Google Meet,"{Tech, Ai, Online, Free, Robotics, Engineering}",Free
Hacking for Empowered Women - Orientation Session,https://www.nepvents.com/events/cmbavuinq0000bjuyvryekvz3,https://www.nepvents.com/completed.svg,Tue Jun 03 2025,Zoom,"{Tech, Community, Online, Local, Free}",Free
AWS Lambda Hackathon,https://www.nepvents.com/events/cmbhwb80c000k6huyiy8i1jxq,https://www.nepvents.com/completed.svg,Tue Jun 03 2025-Mon Jun 30 2025,Online,"{Web, Tech, Ai, Online, Global, Free}",Free
Hack4SafeFood Hackathon for Innovating Food Safety in Nepal,https://www.nepvents.com/events/cmbaz8ya50004bjuywm8dlmoh,https://www.nepvents.com/completed.svg,Mon Jun 02 2025-Fri Jun 06 2025,"Kathmandu, Nepal","{Tech, Health, Environment, Sustainability, Local, Mobile Development, Ai}",Free
NPLCoder GenAI Builders Fellowship,https://www.nepvents.com/events/cmabyttxc000s7yusuvriz8mh,https://www.nepvents.com/completed.svg,Sun Jun 01 2025-Sun Jul 13 2025,"Kathmandu, Nepal","{Ai, Tech, Community, Education, Free, Online, Hybrid}",Free
Chautari Chess Tournament,https://www.nepvents.com/events/cm9rcooly000od4uspl14d4lx,https://www.nepvents.com/completed.svg,Sat May 31 2025,Chess.com,"{Chess, Online, Gaming, Free}",Free
Building AI Agents Part I,https://www.nepvents.com/events/cmazlfna300028xuyuph7skb5,https://www.nepvents.com/completed.svg,Sat May 31 2025,Google Meet,"{Ai, Tech, Education, Free, Online}",Free
Free AIML Webinar,https://www.nepvents.com/events/cmb56eibi00087iuyuagcw466,https://www.nepvents.com/completed.svg,Sat May 31 2025,Google Meet,"{Ai, Tech, Education, Free, Online, Community}",Free
Exploring App Development Webinar,https://www.nepvents.com/events/cmb9204l20002aauywzoitbw2,https://www.nepvents.com/completed.svg,Sat May 31 2025,Google Meet,"{Tech, Mobile Development, Online, Community, Education}",Free
NAAMII Open House,https://www.nepvents.com/events/cmb6ifhpb000a7iuy4y6btz04,https://www.nepvents.com/completed.svg,Fri May 30 2025,Alliance Franaise de Katmandou,"{Ai, Tech, Community, Networking, Local, Free}",Free
Worlds Largest Hackathon,https://www.nepvents.com/events/cmbev2tjw00026huy5x36q0ob,https://www.nepvents.com/completed.svg,Fri May 30 2025-Tue Jul 01 2025,Online,"{Ai, Tech, Startup, Entrepreneurship, Online, Global, Hybrid}",Free
Quantum   Talk EP. 01,https://www.nepvents.com/events/cmb8v4o450000aauyxjl1x1v4,https://www.nepvents.com/completed.svg,Fri May 30 2025,Microsoft Teams,"{Tech, Online, Education, Engineering, Community, Free}",Free
Web Development Workshop,https://www.nepvents.com/events/cmapagznh0000bpuy0tjgtmxg,https://www.nepvents.com/completed.svg,Thu May 29 2025-Wed Jun 04 2025,"Purwanchal Campus, Room No. 213","{Web, Tech, Education, Community}",Rs 100 To 200
Graphic Design Workshop,https://www.nepvents.com/events/cmaruh2a700006jus71jo3d6x,https://www.nepvents.com/completed.svg,Wed May 28 2025-Fri May 30 2025,"Skill Shikshya, Sankhamul, Kathmandu","{Graphic Design, Tech, Education, Free, Art, Local}",Free
Intro To Web  WordPress,https://www.nepvents.com/events/cmb3u45wn00047iuyq654tr9l,https://www.nepvents.com/completed.svg,Wed May 28 2025,"CIT Hall, WRC, Pokhara","{Web, Tech, Community, Education, Free, Local}",Free
Workshop on UIUX Designing,https://www.nepvents.com/events/cmb3r91k800027iuyezlrzt26,https://www.nepvents.com/completed.svg,Wed May 28 2025-Sun Jun 01 2025,Google Meet,"{Tech, Graphic Design, Education, Art, Free, Online, Community}",Free
2-DAYS WORKSHOP ON Quality Assurance QA,https://www.nepvents.com/events/cmazfj49r00008xuy6ndbo3x9,https://www.nepvents.com/completed.svg,Tue May 27 2025-Wed May 28 2025,Sagarmatha College of Science and Technology,"{Education, Devops, Tech, Community}",Free
BRAIN BEHIND BOTS HOW AGENTIC AI WORKS,https://www.nepvents.com/events/cmaufmhpf00066juszhali0mp,https://www.nepvents.com/completed.svg,Sat May 24 2025,Google Meet,"{Ai, Tech, Online, Free, Education, Community}",Free
3D DESIGN FREE WEBINAR,https://www.nepvents.com/events/cmay38ljh00046ouxz1e2effq,https://www.nepvents.com/completed.svg,Sat May 24 2025,Google Meet,"{Graphic Design, Online, Free, Tech, Education}",Free
BLUETEAM SQUAD DEFENDERS WANTED,https://www.nepvents.com/events/cmaugqn0a00086jus89o6xs7u,https://www.nepvents.com/completed.svg,Wed May 21 2025-Sat May 24 2025,"LA GRANDEE International College, Simalahaur-12, Pokhara","{Cybersecurity, Tech, Community, Local}",Rs 100 - Rs 180
The Flutter Foundry,https://www.nepvents.com/events/cmanbu6cs0000d1us2q36gvys,https://www.nepvents.com/completed.svg,Tue May 20 2025-Tue Jun 17 2025,Discord,"{Mobile Development, Online, Education, Community, Tech}",Rs 499 Or 999
Smart City Hackathon,https://www.nepvents.com/events/cmav19mzs000a6jus0l3ieixn,https://www.nepvents.com/completed.svg,Mon May 19 2025-Sat Jun 28 2025,Online,"{Tech, Community, Online, Global, Sustainability, Free}",Free
Unlocking Cybersecurity A Guide to Digital Safety,https://www.nepvents.com/events/cmanarrpe00007ouszu2mgn6u,https://www.nepvents.com/completed.svg,Sun May 18 2025-Tue May 20 2025,Google Meet,"{Cybersecurity, Tech, Online, Education, Community}",Free
Neural Nexus,https://www.nepvents.com/events/cmatlts2w00046juse1vp228k,https://www.nepvents.com/completed.svg,Sun May 18 2025-Wed Jun 18 2025,Online,"{Ai, Tech, Health, Online, Global, Free}",Free
Getting Started with Python,https://www.nepvents.com/events/cmaqbk6rv0006bpuypzbudidy,https://www.nepvents.com/completed.svg,Sun May 18 2025-Sat May 24 2025,Google meet,"{Tech, Education, Online, Ai}",Rs 250
Build with AI 2025,https://www.nepvents.com/events/cmacrn5zn00107yus5ix07g1i,https://www.nepvents.com/completed.svg,Sun May 18 2025,"Webpoint Technology Pvt. Ltd., Subarna Shamsher Marg, Kathmandu","{Ai, Tech, Community, Local, Education, Networking}",Rs 700
One Shot Learn Typescript From Zero to Hero,https://www.nepvents.com/events/cmanyqczz00087kuyesyjsabz,https://www.nepvents.com/completed.svg,Sat May 17 2025,Online,"{Tech, Web, Online, Free, Education}",Free
Navigating the Cloud and Communication,https://www.nepvents.com/events/cmapaunp10002bpuy7czy965a,https://www.nepvents.com/completed.svg,Sat May 17 2025,Online,"{Tech, Devops, Education, Community, Free, Networking}",Free
"STEMFluence Think, Tinker, Thrive",https://www.nepvents.com/events/cmaq76mrx0004bpuynyoer83p,https://www.nepvents.com/completed.svg,Sat May 17 2025-Sun May 18 2025,"Pathshala Nepal Foundation, Baneshwor, Kathmandu","{Engineering, Robotics, Education, Tech, Local, Volunteering}",Free
5 Days FREE Bootcamp on DevOps  Cloud Fundamentals,https://www.nepvents.com/events/cmanooqzm00007kuys0i6i0bo,https://www.nepvents.com/completed.svg,Thu May 15 2025-Tue May 20 2025,Zoom,"{Devops, Tech, Free, Online, Education}",Free
Cybersecurity 101 Essentials to Advanced,https://www.nepvents.com/events/cmacoihrg000w7yus6kg1nqra,https://www.nepvents.com/completed.svg,Wed May 14 2025-Wed May 28 2025,Google Meet,"{Cybersecurity, Tech, Education, Community, Global}",Rs 199 To Rs 399
Blockchain Gaming,https://www.nepvents.com/events/cmakuc7ls00009bushty7qhhl,https://www.nepvents.com/completed.svg,Wed May 14 2025,Online,"{Blockchain, Gaming, Tech, Online, Free, Networking, Business}",Free
All Nepal Civil Engineering Model Competition,https://www.nepvents.com/events/cma9cg4cx000i7yusqsult0dd,https://www.nepvents.com/completed.svg,Tue May 13 2025-Wed May 14 2025,"KU Fountain, Dhulikhel","{Engineering, Sustainability, Environment, Tech, Education, Community, Local}",Rs 500 - Rs 2000Team
Civic Tech Hackathon,https://www.nepvents.com/events/cmal1d1bw00049busl5r6mpui,https://www.nepvents.com/completed.svg,Mon May 12 2025-Sat May 31 2025,Online,"{Tech, Ai, Online, Global, Community, Web}",Free
3 Days Free Web Dev Workshop,https://www.nepvents.com/events/cmacnyra6000u7yuso8ygxr5q,https://www.nepvents.com/completed.svg,Mon May 12 2025-Wed May 14 2025,"Skill Shikshya, Sankhamul, Kathmandu","{Web, Tech, Education, Free, Local}",Free
Agent Development Kit Hackathon with Google Cloud,https://www.nepvents.com/events/cmant1f3300027kuyt7b5k6ko,https://www.nepvents.com/completed.svg,Mon May 12 2025-Tue Jun 24 2025,Online,"{Ai, Tech, Online, Global, Engineering, Web}",Free
AWS Fundamentals Workshop Hands-On Cloud Computing,https://www.nepvents.com/events/cmae9yqdw00167yus5uwjvyvl,https://www.nepvents.com/completed.svg,Sun May 11 2025,"Kathmandu Model College, Bagbazar","{Tech, Education, Devops, Community, Networking, Free}",Free
Shake Table Competition,https://www.nepvents.com/events/cma2kneww0000yfufkupywhro,https://www.nepvents.com/completed.svg,Sun May 11 2025-Tue May 13 2025,"Fountain, Kathmandu University, Dhulikhel","{Engineering, Crafts, Local, Community, Education, Sustainability, Environment}",Rs 500Team
Paper Bridge Competition,https://www.nepvents.com/events/cma2k85by0000wjw4m1tzo4qp,https://www.nepvents.com/completed.svg,Sun May 11 2025,"KU Fountain, Dhulikhel","{Engineering, Community, Local, Crafts, Sustainability, Environment}",Rs 300Team
CADATHON,https://www.nepvents.com/events/cm9o70bzt000cd4usr1z4q3mo,https://www.nepvents.com/completed.svg,Sun May 11 2025,KU Multipurpose Hall,"{Engineering, Tech, Graphic Design, Education, Community, Physical}","Rs 3,500"
IEEE Inspire 2025,https://www.nepvents.com/events/cma9du795000k7yuscxheizbt,https://www.nepvents.com/completed.svg,Sat May 10 2025,"Leapfrog Technology, Charkhal Rd, Kathmandu","{Tech, Community, Local, Networking, Online, Hybrid}",Free
Quantum Computing in an Intuitive Way,https://www.nepvents.com/events/cmae75ec000147yusynvvogzt,https://www.nepvents.com/completed.svg,Sat May 10 2025,Google Meet,"{Tech, Ai, Online, Education, Community}",Free
Global Azure 2025 Kathmandu,https://www.nepvents.com/events/cmabg9rfe000q7yusmxf7q44m,https://www.nepvents.com/completed.svg,Sat May 10 2025,Microsoft Teams,"{Tech, Devops, Community, Local, Online, Global, Ai}",Free
Research Paper Presentation Effect of Policy Variables on the Process of Money Supply,https://www.nepvents.com/events/cmaeb5nmg00187yusyk2ouq7b,https://www.nepvents.com/completed.svg,Sat May 10 2025,Zoom,"{Business, Education, Online, Free, Community}",Free
NEPAL HACKERONE LIVE HACKING MEETUP,https://www.nepvents.com/events/cma3xv60z00067yusp9zwxqez,https://www.nepvents.com/completed.svg,Sat May 10 2025-Sat May 17 2025,Kathmandu,"{Cybersecurity, Tech, Community, Networking, Hybrid}",Free
SEO 101 The Basics,https://www.nepvents.com/events/cma9c6945000g7yusntdo57w5,https://www.nepvents.com/completed.svg,Wed May 07 2025-Fri May 16 2025,Google Meet,"{Tech, Marketing, Education, Online, Ai}",Rs 200 To Rs 400
Inter School Quiz Competition,https://www.nepvents.com/events/cm9tqm2o4000qd4us9szs1wqz,https://www.nepvents.com/completed.svg,Wed May 07 2025,"Kathmandu University, Multipurpose Hall","{Education, Local, Community, Tech}",Rs. 1200 Per Team
SANKALPA25 SCHOLAR TALK,https://www.nepvents.com/events/cm9tsuoxe000sd4usy89zy8yf,https://www.nepvents.com/completed.svg,Wed May 07 2025,"Mini Auditorium, Kathmandu University","{Tech, Sustainability, Environment, Education, Community, Local, Physical}",Free
AI in Action,https://www.nepvents.com/events/cmaqekpol0008bpuyoxb285b6,https://www.nepvents.com/completed.svg,Tue May 06 2025-Wed Jun 18 2025,Online,"{Ai, Tech, Devops, Data Analysis, Engineering, Online, Global, Web}",Free
3-Day Free UIUX Design Workshop,https://www.nepvents.com/events/cm9wbs4zk0016d4us26sxzrab,https://www.nepvents.com/completed.svg,Mon May 05 2025-Wed May 07 2025,"Skill Shikshya, Sankhamul, Kathmandu","{Tech, Education, Free}",Free
Public Speaking Workshop,https://www.nepvents.com/events/cma9dzygz000m7yus5uu9d2yg,https://www.nepvents.com/completed.svg,Sun May 04 2025,"Kathmandu University, Dhulikhel","{Community, Education, Networking, Local, Free}",Free
ALL NEPAL SURVEY COMPETITION,https://www.nepvents.com/events/cm9wbvr0z0018d4usnguuhubg,https://www.nepvents.com/completed.svg,Sun May 04 2025,"KU Central Campus, Dhulikhel","{Engineering, Local, Tech, Community, Education, Environment}",Rs. 1500Team
"LinkedIn for Medicine Ease, Engage, Excel",https://www.nepvents.com/events/cma6t7bo1000a7yusbidj29ae,https://www.nepvents.com/completed.svg,Sat May 03 2025,Zoom,"{Tech, Health, Education, Business, Networking, Marketing, Online, Free}",Free
Global IME Banks AIML Hackathon 2025,https://www.nepvents.com/events/cm7rmwm1v000eabur0r850nxq,https://www.nepvents.com/completed.svg,Thu May 01 2025,"Kathmandu, Nepal","{Ai, Tech, Business, Online, Data Analysis, Engineering}",Free
LIVE ART COMPETITION,https://www.nepvents.com/events/cm9tt4dnt000ud4us4nda9ftv,https://www.nepvents.com/completed.svg,Wed Apr 30 2025,Basantapur Durbar Square,"{Art, Culture, Local, Free, Community, Environment}",Rs. 150
Nepal Hacks  SecurityPal AI Unleashed,https://www.nepvents.com/events/cm8et4byv000mbmurx1oiwf5a,https://www.nepvents.com/completed.svg,Tue Apr 29 2025-Thu May 01 2025,"SecurityPal Nepal Office, Kathmandu","{Ai, Tech, Cybersecurity, Community, Free, Local}",Free
COMPETITIVE STRATEGY FROM SEARCH,https://www.nepvents.com/events/cm9ttql82000yd4usd4usuy92,https://www.nepvents.com/completed.svg,Tue Apr 29 2025,Online,"{Marketing, Business, Tech, Networking, Online, Free}",Free
Fusemachines - AI Fellowship 2025,https://www.nepvents.com/events/cm7uq9v5i000qaburk5eiov62,https://www.nepvents.com/completed.svg,Mon Apr 28 2025,Online,"{Ai, Tech, Education, Online, Global, Free, Engineering}",Free
Software Development  Career Guidance,https://www.nepvents.com/events/cm9wd04c5001cd4usxg8oyvpg,https://www.nepvents.com/completed.svg,Sat Apr 26 2025,Google Meet,"{Tech, Devops, Community, Education, Networking, Online, Free}",Free
Idea to Interface  A Beginners Guide to UIUX Design,https://www.nepvents.com/events/cm9ttxgsh0010d4usaewzj1og,https://www.nepvents.com/completed.svg,Sat Apr 26 2025,Online,"{Graphic Design, Art, Marketing, Tech, Free, Online, Education}",Free
Firebase Studio  Gemini AI Vibe Coding Session,https://www.nepvents.com/events/cm9wddaei001gd4uslc2360yw,https://www.nepvents.com/completed.svg,Sat Apr 26 2025,"Reliance College, Saraswatinagar, Chabahil, Kathmandu","{Ai, Web, Tech, Community, Local}",Free
Smarter Hiring Decisions with Google Gemini,https://www.nepvents.com/events/cm9wd6wy3001ed4us00agcrvx,https://www.nepvents.com/completed.svg,Sat Apr 26 2025,"Reliance College, Chabahil, Kathmandu","{Ai, Tech, Community, Local, Networking, Free}",Free
Digital Footprints That Lead To Opportunity,https://www.nepvents.com/events/cm9r8mzt8000kd4us7dc9autm,https://www.nepvents.com/completed.svg,Sat Apr 26 2025,Google Meet,"{Tech, Community, Online, Networking, Free, Education}",Free
CTRL  SHIFT  Google,https://www.nepvents.com/events/cm9wc9zg2001ad4usqiwio7r3,https://www.nepvents.com/completed.svg,Sat Apr 26 2025,"Hatiya Line, R.D, Itahari","{Tech, Community, Local, Education, Networking, Free}",Free
IEEE Seminar Building Academic Impact through Research and Publication,https://www.nepvents.com/events/cm9ttd8vg000wd4usbwqln56w,https://www.nepvents.com/completed.svg,Fri Apr 25 2025,"Siddhartha Cottage, Dhobighat, Lalitpur","{Tech, Education, Networking, Community}",Rs 200 - Rs 1000
Building the Next Breakout Blockchain Startup From Nepal,https://www.nepvents.com/events/cm9o7c39i000ed4usvklrrmsv,https://www.nepvents.com/completed.svg,Wed Apr 23 2025,Online,"{Blockchain, Tech, Web, Community, Startup, Online, Global, Education}",Free
10-Day AI  ML Workshop,https://www.nepvents.com/events/cm9lgfabd0008d4uskc21ejfk,https://www.nepvents.com/completed.svg,Wed Apr 23 2025-Fri May 02 2025,Online,"{Ai, Tech, Online, Education}",Free
Python Workshop The Gateway to Web Development  AI,https://www.nepvents.com/events/cm9lfd7a60006d4uslq943igd,https://www.nepvents.com/completed.svg,Wed Apr 23 2025-Fri Apr 25 2025,"Skill Shikshya, Sankhamul, Kathmandu","{Tech, Ai, Education, Free, Local}",Free
Photography Contest,https://www.nepvents.com/events/cm9r8z0jp000md4us7cxeqhgd,https://www.nepvents.com/completed.svg,Mon Apr 21 2025-Sat May 10 2025,Kathmandu University,"{Art, Culture, Local, Community}",Rs. 100 Per Photo
Sui HackerHouse Hackathon,https://www.nepvents.com/events/cm8gtoxyd0014bmur1p2z5stm,https://www.nepvents.com/completed.svg,Mon Apr 21 2025-Fri Apr 25 2025,"Techflow Space, Chhauni, Kathmandu","{Ai, Blockchain, Tech, Community, Local}",Free
5-Days Practical Graphics Designing Training,https://www.nepvents.com/events/cm98n6z9l0000bqusq64gdsxr,https://www.nepvents.com/completed.svg,Sun Apr 20 2025-Thu Apr 24 2025,Online,"{Graphic Design, Education, Art, Community, Online}",Rs 300
DAJ Community Session,https://www.nepvents.com/events/cm9r88e4i000id4usa675fznm,https://www.nepvents.com/completed.svg,Sun Apr 20 2025,Google Meet,"{Tech, Gaming, Online, Community, Entertainment}",Free
AI for Beginners,https://www.nepvents.com/events/cm9d5h3tq0008bqusgydo5gf3,https://www.nepvents.com/completed.svg,Sun Apr 20 2025,Google Meet,"{Ai, Tech, Online, Community}",Free
DevOps Kathmandu Connect 2025,https://www.nepvents.com/events/cm7hwpqk3000ed6urlbss41zs,https://www.nepvents.com/completed.svg,Sat Apr 19 2025,"Kathmandu, Nepal","{Tech, Devops, Community, Local, Networking, Ai, Engineering}",Rs 800
Crafting a CV That Stands Out,https://www.nepvents.com/events/cm9lf8qok0004d4us2cjyhypt,https://www.nepvents.com/completed.svg,Sat Apr 19 2025,Google Meet,"{Education, Networking, Free, Tech, Community}",Free
Perplexity Hackathon,https://www.nepvents.com/events/cm9lbcrzd0002d4usli9naljy,https://www.nepvents.com/completed.svg,Wed Apr 16 2025-Thu May 29 2025,Online,"{Ai, Tech, Global, Engineering, Community, Business, Online}",Free
Research Paper 101 From Research to Publication,https://www.nepvents.com/events/cm8ymc7aj000eaduq4omw3xrb,https://www.nepvents.com/completed.svg,Sun Apr 13 2025,Zoom,"{Education, Tech, Free, Online}",Free
Freelancing and Tech Trends Unlock Career Opportunities,https://www.nepvents.com/events/cm9ce24oz0006bqust88lgjms,https://www.nepvents.com/completed.svg,Sat Apr 12 2025,"Texas International College, Mitrapark, Kathmandu","{Tech, Community, Business, Networking, Free, Education}",Free
AI FOR THE NEXT GEN,https://www.nepvents.com/events/cm9bdgdk80004bqus72kmuc0e,https://www.nepvents.com/completed.svg,Sat Apr 12 2025,Hotel Pokhara Grande,"{Ai, Tech, Community, Local, Business, Networking, Free}",Free
Research Talk-12,https://www.nepvents.com/events/cm95qpoxb000yaduqut4ymyov,https://www.nepvents.com/completed.svg,Sat Apr 12 2025,Virtual,"{Education, Online, Community, Networking, Free}",Free
AI x Web3 Hackathon,https://www.nepvents.com/events/cm6w3eic9000md72l013tv9dp,https://www.nepvents.com/completed.svg,Fri Apr 11 2025-Sun Apr 13 2025,"HimalAI Hacker House, Kirtipur","{Ai, Blockchain, Networking, Tech, Local, Community}",Free
Mastering Data  Generative AI on AWS,https://www.nepvents.com/events/cm8zgzcu2000oaduqs5wfrjlu,https://www.nepvents.com/completed.svg,Thu Apr 10 2025,"Hyatt Centric, Soalteemode, Kathmandu","{Ai, Tech, Education, Engineering, Community}",Free
Student Empowerment and Learning Program,https://www.nepvents.com/events/cm8zdsb2e000iaduq93mukula,https://www.nepvents.com/completed.svg,Wed Apr 09 2025-Sat Apr 12 2025,"Mechi Multiple Campus, Bhadrapur","{Education, Tech, Community, Local, Networking, Free}",Free
Bitcoin 2025 Official Hackathon,https://www.nepvents.com/events/cm99vnmbk0002bqusrqx5pd3i,https://www.nepvents.com/completed.svg,Mon Apr 07 2025-Thu May 29 2025,Online,"{Blockchain, Tech, Online, Global, Community, Business, Free}",Free
7-Day Digital Marketing Workshop,https://www.nepvents.com/events/cm94edoum000waduql4ovfl41,https://www.nepvents.com/completed.svg,Mon Apr 07 2025-Sun Apr 13 2025,Google Meet,"{Marketing, Tech, Education, Online, Community}",Rs. 300
Cybersecurity Unlocked Your Path to a Secure Future,https://www.nepvents.com/events/cm911awsn000qaduqr8wsy86s,https://www.nepvents.com/completed.svg,Sun Apr 06 2025,Google Meet,"{Cybersecurity, Free, Online, Education, Tech, Community, Networking}",Free
Global AI Bootcamp Kathmandu - 2025,https://www.nepvents.com/events/cm860jia60002d2usmnpknbmo,https://www.nepvents.com/completed.svg,Sun Apr 06 2025,"Embark College, Pulchowk, Kathmandu","{Ai, Tech, Community, Local, Education, Networking, Free}",Free
UIUX Designing 3-Day Practical Workshop,https://www.nepvents.com/events/cm8zelmog000maduqprwkw1pr,https://www.nepvents.com/completed.svg,Sat Apr 05 2025-Mon Apr 07 2025,"Siddhanath Science Campus, Mahendranagar","{Graphic Design, Community, Art, Tech, Education}",NPR 49
Fulbright Masters Scholarship Virtual Info Session,https://www.nepvents.com/events/cm8q7o95d000a6quy5spy5j0e,https://www.nepvents.com/completed.svg,Fri Apr 04 2025,Zoom,"{Education, Online, Global, Free}",Free
Unlocking Digital Rights  Online Safety,https://www.nepvents.com/events/cm8ze05wf000kaduqyv4c5me9,https://www.nepvents.com/completed.svg,Fri Apr 04 2025,Google Meet,"{Tech, Education, Cybersecurity, Community, Networking, Free, Online}",Free
WordCamp Nepal 2025,https://www.nepvents.com/events/cm67qtw3l0000ut30oobsg638,https://www.nepvents.com/completed.svg,Fri Apr 04 2025-Sat Apr 05 2025,"Kundalini Durbar Banquet, Chandol, Kathmandu","{Web, Tech, Community, Networking, Physical}",Rs. 2000-5000
Building AI Agents,https://www.nepvents.com/events/cm911rhgn000saduqez8ucgv6,https://www.nepvents.com/completed.svg,Fri Apr 04 2025,Online,"{Ai, Tech, Online, Community, Free}",Free
3 Days QA Workshop,https://www.nepvents.com/events/cm8fwo0vy000wbmurndpshtbz,https://www.nepvents.com/completed.svg,Wed Apr 02 2025-Fri Apr 04 2025,"Skill Shikshya, Sankhamul, Kathmandu","{Tech, Education, Online, Local}",Free
Data Engineering in US Healthcare,https://www.nepvents.com/events/cm8u2fqvg0002aduqbidm9r1l,https://www.nepvents.com/completed.svg,Wed Apr 02 2025,Google Meet,"{Tech, Health, Online, Global, Education}",Free
Babal Entrepreneurship  Investment Challenge 2025,https://www.nepvents.com/events/cm8fnjp8v000ubmurcfvlv8ar,https://www.nepvents.com/completed.svg,Tue Apr 01 2025-Sat Jun 21 2025,Kathmandu Valley,"{Entrepreneurship, Startup, Networking, Business}",Free
Blockchain Fellowship IX,https://www.nepvents.com/events/cm8d8wi2q000ibmurikc1cxdg,https://www.nepvents.com/completed.svg,Tue Apr 01 2025-Mon Jun 30 2025,"Sanepa-2 Lalitpur, Nepal","{Blockchain, Tech, Education, Networking, Free, Hybrid, Online}",Free
AlgoArena,https://www.nepvents.com/events/cm8x0ovcz000caduqkhaade1w,https://www.nepvents.com/completed.svg,Sun Mar 30 2025-Wed Apr 30 2025,Online,"{Tech, Ai, Web, Community, Online, Global, Free}",Free
GDG Kathmandu Meetup March,https://www.nepvents.com/events/cm8g0ng3m000ybmurg58zs5je,https://www.nepvents.com/completed.svg,Sun Mar 30 2025,"Security Pal, Buddhi Sagar Marg","{Tech, Community, Local, Networking, Business}",Rs 350 Or 500
"Reflections on College, Tech, and Career",https://www.nepvents.com/events/cm8u30k7z0004aduqlliia8s5,https://www.nepvents.com/completed.svg,Sun Mar 30 2025,Google Meet,"{Tech, Education, Community, Networking, Free, Online}",Free
5-Day Graphics Design Workshop,https://www.nepvents.com/events/cm8ip0b5o001abmurhc02rs2k,https://www.nepvents.com/completed.svg,Sun Mar 30 2025-Fri Apr 04 2025,"Mount Annapurna Campus, Parsyang","{Graphic Design, Art, Community, Tech, Local}",Rs. 80 Or Rs 150
In Conversation with a Senior Site Reliability Engineer,https://www.nepvents.com/events/cm8twfd990000aduqo3axc203,https://www.nepvents.com/completed.svg,Sat Mar 29 2025,Online,"{Tech, Devops, Community, Networking, Online, Free}",Free
Power BI Workshop,https://www.nepvents.com/events/cm8i6hnf90016bmurfkfhcf9e,https://www.nepvents.com/completed.svg,Fri Mar 28 2025,"Deerwalk Complex, Sifal, Kathmandu","{Tech, Education, Business, Networking, Free}",Free
Mastering Data Science in 2025,https://www.nepvents.com/events/cm8jqen0n00026quy62j36q7n,https://www.nepvents.com/completed.svg,Thu Mar 27 2025,Zoom,"{Ai, Tech, Education, Business, Networking, Free, Online}",Free
Tech Kura Kani Exploring LLMs and MCP,https://www.nepvents.com/events/cm8fke6zz000sbmurikd2e07j,https://www.nepvents.com/completed.svg,Thu Mar 27 2025,"Naxal, Kathmandu","{Tech, Web, Ai, Community, Networking, Local}",Free
Youth Hackfest 2025 Nepal,https://www.nepvents.com/events/cm7rg4rf9000aabura8cbplli,https://www.nepvents.com/completed.svg,Thu Mar 27 2025-Mon Mar 31 2025,"Kathmandu University, Dhulikhel","{Tech, Ai, Health, Local, Community, Blockchain, Web, Networking}",Rs 2500 Or 7500
AI and Blockchain 101,https://www.nepvents.com/events/cm8jq31za00006quyjlc1v1g9,https://www.nepvents.com/completed.svg,Wed Mar 26 2025,"Chhauni, Kathmandu","{Ai, Blockchain, Tech, Community, Free, Education}",Free
Cyber Security Career Session,https://www.nepvents.com/events/cm8lxesb000086quya1pu6b77,https://www.nepvents.com/completed.svg,Mon Mar 24 2025,Google Meet,"{Tech, Online, Free, Education}",Free
Digital Marketing Workshop,https://www.nepvents.com/events/cm8g18jwa0010bmurnovifytf,https://www.nepvents.com/completed.svg,Mon Mar 24 2025-Thu Mar 27 2025,Google Meet,"{Marketing, Business, Tech, Online, Education, Community}",Free
AI x Blockchain Meet,https://www.nepvents.com/events/cm8gsmwuz0012bmur9w2vgect,https://www.nepvents.com/completed.svg,Sun Mar 23 2025,Google Meet,"{Ai, Blockchain, Tech, Online, Networking, Community}",Free
"Code, Commit, Collaborate A Hands-on GitHub Workshop",https://www.nepvents.com/events/cm8eqtwvg000kbmurmitso6o2,https://www.nepvents.com/completed.svg,Sun Mar 23 2025,"PKMC, Bagbazaar, Kathmandu","{Tech, Devops, Community, Local, Education, Free}",Free
Exploring PhDMS Opportunities in the USA,https://www.nepvents.com/events/cm8fa8vce000qbmur3f6ohtsa,https://www.nepvents.com/completed.svg,Sat Mar 22 2025,Google Meet,"{Education, Online, Tech}",Free
LinkedIn Optimization and Introduction to Medium,https://www.nepvents.com/events/cm8i6uywy0018bmurf89ptvks,https://www.nepvents.com/completed.svg,Sat Mar 22 2025,Google Meet,"{Tech, Networking, Marketing, Online, Free, Education}",Free
MERN Stack Workshop,https://www.nepvents.com/events/cm892sn44000abmur1d1lfjpl,https://www.nepvents.com/completed.svg,Mon Mar 17 2025-Fri Mar 21 2025,Online,"{Web, Education, Tech, Community, Free, Online}",Rs 250
Free Flutter Workshop,https://www.nepvents.com/events/cm7t88a89000iaburnggldn13,https://www.nepvents.com/completed.svg,Mon Mar 17 2025-Sun Mar 23 2025,Online,"{Mobile Development, Education, Tech, Online}",Free
Cybersecurity  Penetration Testing Workshop,https://www.nepvents.com/events/cm8313go2000m8yusca4f43sz,https://www.nepvents.com/completed.svg,Mon Mar 17 2025,"Arambha College, Chitwan, Nepal","{Cybersecurity, Education, Tech, Community}",Free
3 Days Digital Marketing Workshop,https://www.nepvents.com/events/cm80452d4000i8yusbdh0yqip,https://www.nepvents.com/completed.svg,Sun Mar 16 2025-Tue Mar 18 2025,Google Meet,"{Marketing, Online, Free, Tech, Education, Business}",Free
LinkedIn Workshop Optimize  Grow,https://www.nepvents.com/events/cm88qsdv00008bmur3ohx14fz,https://www.nepvents.com/completed.svg,Sun Mar 16 2025,Google Meet,"{Tech, Community, Networking, Marketing, Online, Free, Education}",Free
Classroom to Career Navigating Economics and Job Skills,https://www.nepvents.com/events/cm87e952a0006bmurud4lxfmg,https://www.nepvents.com/completed.svg,Sun Mar 16 2025,Zoom Online,"{Education, Business, Networking, Online, Tech}",Free
Digital Marketing Bootcamp,https://www.nepvents.com/events/cm87321ru0000bmurc3hm3nhx,https://www.nepvents.com/completed.svg,Sun Mar 16 2025-Sat Mar 22 2025,"Kharaayo HQ, Birtamode-5, Jhapa","{Marketing, Tech, Education, Free, Local, Business}",Free
Free 8-Days Python  FastAPI Workshop,https://www.nepvents.com/events/cm7xigyiy000e8yusvgrj6o03,https://www.nepvents.com/completed.svg,Sat Mar 15 2025-Sat Mar 22 2025,Online,"{Web, Education, Tech, Community, Free, Online}",Free
Fulbright Masters Scholarship Virtual Info Session,https://www.nepvents.com/events/cm7ws0ysa00008yuszsos7hxe,https://www.nepvents.com/completed.svg,Fri Mar 14 2025,Online,"{Education, Online, Community, Global}",Free
Holi-Fest 2025,https://www.nepvents.com/events/cm7nkffsa0000aburvki7pfpf,https://www.nepvents.com/completed.svg,Thu Mar 13 2025,"Palette Cafe  Bar, Sanepa Chowk.","{Culture, Entertainment, Free, Community}",Free
7-day React Native Workshop,https://www.nepvents.com/events/cm7z2292v000g8yusx7d6r9rj,https://www.nepvents.com/completed.svg,Wed Mar 12 2025-Tue Mar 18 2025,Online,"{Tech, Online, Education, Free, Devops}",Free
Session on Statistics  Data Science Opportunities,https://www.nepvents.com/events/cm831c1fp000o8yusodo9safm,https://www.nepvents.com/completed.svg,Tue Mar 11 2025,Google Meet,"{Data Analysis, Education, Networking, Online, Tech}",Free
Free Digital Marketing Workshop,https://www.nepvents.com/events/cm7vru6ro000saburur4f5am7,https://www.nepvents.com/completed.svg,Mon Mar 10 2025-Wed Mar 12 2025,"Skill Shikshya, Sankhamul","{Marketing, Tech, Free, Education, Business, Networking}",Free
3-Day Cybersecurity Bootcamp,https://www.nepvents.com/events/cm7xhw529000a8yusobw8sdyb,https://www.nepvents.com/completed.svg,Sun Mar 09 2025-Tue Mar 11 2025,Online,"{Cybersecurity, Education, Tech, Online, Community}",Free
3D Web Design Bootcamp,https://www.nepvents.com/events/cm873g1m90002bmure8202eus,https://www.nepvents.com/completed.svg,Sun Mar 09 2025-Sat Mar 15 2025,"Kharaayo HQ, Birtamode-5, Jhapa","{Web, Graphic Design, Tech, Community, Education}",Free
DePIN Cash Landing - Kathmandu,https://www.nepvents.com/events/cm7x0h9gu00028yusmbcffcpm,https://www.nepvents.com/completed.svg,Sun Mar 09 2025,"Kirtipur, Kathmandu","{Blockchain, Community, Tech, Networking}",Free
AWS Women Summit Nepal  2025,https://www.nepvents.com/events/cm7j8lff60004eaurb62az9xc,https://www.nepvents.com/completed.svg,Sat Mar 08 2025,"KMC, Bagbazaar, Kathmandu","{Tech, Community, Local, Education, Networking, Devops}","Rs 250 Students, Rs 500 Others"
DWIT Job Fair 2025,https://www.nepvents.com/events/cm7tfgig8000mabur6g37yhz9,https://www.nepvents.com/completed.svg,Sat Mar 08 2025,"DWIT Sifal, Kathmandu","{Tech, Networking, Startup, Business, Education, Community, Local, Free}",Free
"Mastering AI Agents Power, Applications, and Innovation",https://www.nepvents.com/events/cm7xi7hed000c8yusm97n4uek,https://www.nepvents.com/completed.svg,Sat Mar 08 2025,Online,"{Ai, Tech, Education, Community, Online, Free}",Free
SXC SANDBOX 2.0,https://www.nepvents.com/events/cm723yml6000cjw2lfjnrhp2h,https://www.nepvents.com/completed.svg,Fri Mar 07 2025-Sun Mar 09 2025,"St. Xaviers College, Maitighar, Kathmandu","{Tech, Local, Community, Networking, Startup, Entrepreneurship, Education}","Rs. 6000, Rs. 5000 Early Bird"
HerCanvas Women in Creation,https://www.nepvents.com/events/cm7uedz6a000oabur4ms6k1rs,https://www.nepvents.com/completed.svg,Fri Mar 07 2025,"PKMC, Bagbazaar, Kathmandu","{Graphic Design, Art, Free, Tech, Community}",Free
How to Get into your Dream University,https://www.nepvents.com/events/cm7tbvb1c000kaburf3vo01pl,https://www.nepvents.com/completed.svg,Wed Mar 05 2025,Online  Zoom,"{Education, Tech, Global, Community}",Free
7 day JavaScript Workshop,https://www.nepvents.com/events/cm7ja8e9w0006eaurh8jzu2dz,https://www.nepvents.com/completed.svg,Wed Mar 05 2025-Tue Mar 11 2025,Google Meet,"{Web, Tech, Education, Online, Free}",Free
SCDS TechFest Hackathon 2025,https://www.nepvents.com/events/cm7xb1esi00088yush245rtzy,https://www.nepvents.com/completed.svg,Wed Mar 05 2025-Mon Mar 10 2025,Online,"{Ai, Online, Global, Tech, Community}",Free
Hands-on AWS Camp Exploring EC2  Linux CLI,https://www.nepvents.com/events/cm7a7ebxz0006do2lib778xpq,https://www.nepvents.com/completed.svg,Mon Mar 03 2025,"St. Xaviers College, Maitighar, Kathmandu","{Devops, Education, Web, Tech}",Free
Coding,https://www.nepvents.com/events/cm7p2mkna0002aburgtw8z1nm,https://www.nepvents.com/completed.svg,Sun Mar 02 2025,Google Meet,"{Tech, Education, Online, Free}",Free
Virtual Graphic Design Training  Mentorship Program,https://www.nepvents.com/events/cm77th26b000wjw2lgqcuyvhb,https://www.nepvents.com/completed.svg,Sat Mar 01 2025-Fri Mar 07 2025,Online,"{Graphic Design, Education, Community, Tech, Art}",Free
CSITAN Hackfest,https://www.nepvents.com/events/cm6jav1n8000icf2klesrid0i,https://www.nepvents.com/completed.svg,Fri Feb 28 2025-Sun Mar 02 2025,"Saptagandaki Multiple Campus, Chitwan","{Tech, Community, Ai, Web, Engineering, Robotics, Education, Networking}",Rs. 3000Team
Research Talk Shows -V,https://www.nepvents.com/events/cm7hxut820000eaursm20k63e,https://www.nepvents.com/completed.svg,Thu Feb 27 2025,"ICTC Hall, Pulchowk Campus","{Education, Tech, Engineering}",Free
WOMEN IN LEAD VOICES THAT MATTER,https://www.nepvents.com/events/cm7k1pr4m0008eaurm2uo1bwc,https://www.nepvents.com/completed.svg,Wed Feb 26 2025,"D-Hall, Pulchowk Campus","{Community, Education, Networking, Local}",Free
Workshop on Prompt Engineering,https://www.nepvents.com/events/cm7h91a5d000cd6urltplzkev,https://www.nepvents.com/completed.svg,Tue Feb 25 2025,"F-Hall, Pulchowk Campus","{Ai, Tech, Education, Free, Local}",Free
C Programming Crash Course,https://www.nepvents.com/events/cm7fy62uw0000d6urxy5f9obh,https://www.nepvents.com/completed.svg,Tue Feb 25 2025-Fri Feb 28 2025,Virtual Zoom,"{Tech, Education, Online, Free, Engineering}",Free
Graphic Design Workshop,https://www.nepvents.com/events/cm73glrln000ejw2lbd52nm19,https://www.nepvents.com/completed.svg,Tue Feb 25 2025,"Skill Shikshya, Sankhamul, Kathmandu","{Tech, Free, Local, Art, Graphic Design, Web, Hybrid}",Free
Infotech Chess Tournament,https://www.nepvents.com/events/cm7h157vw0008d6ur8cua18oh,https://www.nepvents.com/completed.svg,Mon Feb 24 2025,Patan Multiple Campus,"{Chess, Gaming, Entertainment, Community}",Rs 100
Infotech Table Tennis Tournament,https://www.nepvents.com/events/cm7h116d30006d6urjf6hk6oj,https://www.nepvents.com/completed.svg,Mon Feb 24 2025,Patan Multiple Campus,"{Gaming, Entertainment, Community}",Rs 100 Free For Female Participants
Infotech Badminton Tournament,https://www.nepvents.com/events/cm7h18v9y000ad6urxqv5qiiw,https://www.nepvents.com/completed.svg,Mon Feb 24 2025,Patan Multiple Campus,"{Badminton, Community, Tech, Gaming, Entertainment, Physical}",Rs 100 Free For Females
LOCUS Research Symposium 2025,https://www.nepvents.com/events/cm7fs5t4v0000hyw44fc09vwe,https://www.nepvents.com/completed.svg,Sun Feb 23 2025,"ICTC Conference Hall, Pulchowk Campus","{Education, Tech, Networking, Physical}",Free
Global AI Chapter Kathmandu 2025,https://www.nepvents.com/events/cm79a7f7a0000do2law11hagq,https://www.nepvents.com/completed.svg,Sun Feb 23 2025,"Ncell Icon, Lainchaur, Kathmandu","{Ai, Blockchain, Community, Local, Tech, Networking, Free}",Free
AWS GenAI Camp,https://www.nepvents.com/events/cm7a5atu60004do2lvxdn33ax,https://www.nepvents.com/completed.svg,Sat Feb 22 2025,"Patan Multiple Campus, Lalitpur","{Ai, Web, Tech, Community, Local, Free}",Free
"Exploring MLSA, GitHub Campus Expert, and Huawei Seeds For The Future",https://www.nepvents.com/events/cm76duxsm000mjw2las61n6te,https://www.nepvents.com/completed.svg,Sat Feb 22 2025,Google Meet,"{Tech, Education, Networking, Online, Web, Ai, Volunteering}",Free
Global Power Platform Bootcamp 2025,https://www.nepvents.com/events/cm6rru62h000cd72lz7v0jk2s,https://www.nepvents.com/completed.svg,Sat Feb 22 2025,Microsoft Teams Virtual,"{Tech, Community, Global, Online, Free}",Free
1v1 Robo-Soccer Championship,https://www.nepvents.com/events/cm77mpzou000sjw2l2b5z2c0r,https://www.nepvents.com/completed.svg,Thu Feb 20 2025,Pulchowk Campus Ground,"{Engineering, Robotics, Football, Tech, Entertainment}",Rs 2000Team
Nepal Techno-Fest 2025- Musical Fest,https://www.nepvents.com/events/cm79c1n5r0002do2lwhup74wg,https://www.nepvents.com/completed.svg,Thu Feb 20 2025,IOE Pulchowk Campus Ground,"{Music, Free, Entertainment, Local}",Free
Python Bootcamp 3.0,https://www.nepvents.com/events/cm76ek0ss000ojw2l3rfdayub,https://www.nepvents.com/completed.svg,Tue Feb 18 2025-Sat Feb 22 2025,Google Meet,"{Tech, Education, Online, Ai, Data Analysis, Community}",Rs 100
Azure AI Developer Hackathon,https://www.nepvents.com/events/cm7bv2x590008do2lx4axzr1i,https://www.nepvents.com/completed.svg,Tue Feb 18 2025-Fri Mar 28 2025,Online,"{Ai, Tech, Devops, Online, Global}",Free
Research Talk Shows - IV,https://www.nepvents.com/events/cm77ovxma000ujw2l9gs7wx1n,https://www.nepvents.com/completed.svg,Mon Feb 17 2025-Tue Feb 18 2025,"ICTC Conference Hall, Pulchowk Campus","{Tech, Education, Community, Local, Free}",Free
NRCC Panel Discussion 2025,https://www.nepvents.com/events/cm6ucdnc5000gd72lr5d7g7ls,https://www.nepvents.com/completed.svg,Sun Feb 16 2025,"St. Xaviers College, Maitighar, Kathmandu","{Tech, Community, Local, Education, Sustainability, Business, Networking, Free}",Free
AWS UG Women in Tech Meetup  GenAI Camp,https://www.nepvents.com/events/cm6z873wo0002jw2lizbcgtoq,https://www.nepvents.com/completed.svg,Sun Feb 16 2025,"WRC, Pokhara","{Tech, Ai, Community, Local, Devops, Web, Networking, Free}",Free
Networking  Elevating with LinkedIn,https://www.nepvents.com/events/cm75of8z6000gjw2l6uko60gi,https://www.nepvents.com/completed.svg,Sun Feb 16 2025,Google Meet,"{Tech, Community, Networking, Online, Free}",Free
VOX ASTRA 300k Prize Pool,https://www.nepvents.com/events/cm5v0ydsw0000hy50xjqz1bem,https://www.nepvents.com/completed.svg,Sat Feb 15 2025-Sun Feb 23 2025,Online,"{Tech, Community, Online, Health, Local, Free}",Free
Nepal Cloud Azure Camp,https://www.nepvents.com/events/cm68wr9930000buv02bgkrf7q,https://www.nepvents.com/completed.svg,Sat Feb 15 2025,Microsoft Teams,"{Web, Tech, Devops, Community, Networking, Free, Online}",Free
Hackathon 2025,https://www.nepvents.com/events/cm71l3t0s000ajw2l55v7tzyr,https://www.nepvents.com/completed.svg,Sat Feb 15 2025-Sun Feb 16 2025,Kathford International College,"{Tech, Local, Community, Networking, Web, Blockchain, Ai, Engineering}","NPR 7,000 Per Team"
Global AI Agents League,https://www.nepvents.com/events/cm77kxqrp000qjw2lgc3496df,https://www.nepvents.com/completed.svg,Fri Feb 14 2025-Wed Apr 09 2025,Online,"{Ai, Blockchain, Tech, Online, Global}",Free
AWS GenAI Meetup 2025,https://www.nepvents.com/events/cm70kuj3y0008jw2l16j527id,https://www.nepvents.com/completed.svg,Fri Feb 14 2025,"Genese Solution, Bakhundole","{Ai, Tech, Community, Local, Networking, Free}",Free
National School Team Chess Tournament 2081,https://www.nepvents.com/events/cm67da8b70000kgtx5pshzg85,https://www.nepvents.com/completed.svg,Thu Feb 13 2025-Sat Feb 15 2025,"Khwopring English School, Bhaktapur","{Physical, Chess}",Rs 1000Team
Spardha 3.0 Futsal Competition,https://www.nepvents.com/events/cm6kwrx360000l4n46lcz273n,https://www.nepvents.com/completed.svg,Wed Feb 12 2025,To be decided,"{Football, Physical, Community}",Free
Building the Next-Gen Agentic App with GraphRAG  NVIDIA cuGraph,https://www.nepvents.com/events/cm70fqoo90006jw2lvmdgn64p,https://www.nepvents.com/completed.svg,Wed Feb 12 2025-Sun Mar 09 2025,Online,"{Ai, Tech, Online, Global, Free, Blockchain, Data Analysis, Engineering}",Free
PLC  HMI Workshop,https://www.nepvents.com/events/cm6vuc87w000id72l4rm894oa,https://www.nepvents.com/completed.svg,Tue Feb 11 2025-Thu Feb 13 2025,Pulchowk Campus,"{Tech, Education, Engineering, Community}",Rs 100 Refundable
Spardha 3.0 Idea Pitching Competition,https://www.nepvents.com/events/cm6kwxz4a0000opnr6xiqvkzr,https://www.nepvents.com/completed.svg,Tue Feb 11 2025,To be decided,"{Business, Pitching, Networking, Entrepreneurship, Startup}",Free
Spardha 3.0 Quiz Competition,https://www.nepvents.com/events/cm6kxf61g000013yhuj8wq3vv,https://www.nepvents.com/completed.svg,Mon Feb 10 2025,To be decided,"{Education, Community, Networking, Physical}",Free
Research Talk Shows - II,https://www.nepvents.com/events/cm6wdj2q1000od72l6hwc475c,https://www.nepvents.com/completed.svg,Mon Feb 10 2025-Tue Feb 11 2025,"ICTC Conference Hall, Pulchowk Campus","{Tech, Education, Community, Local, Engineering}",Free
Spardha 3.0 Hackathon Competition,https://www.nepvents.com/events/cm6kx5fml0000z8ctghvuh4up,https://www.nepvents.com/completed.svg,Mon Feb 10 2025-Tue Feb 11 2025,To be decided,"{Ai, Web, Tech, Blockchain, Engineering, Community, Pitching}",Free
CodeYatra 2025,https://www.nepvents.com/events/cm6l44zwa0000bd02s0su8qs1,https://www.nepvents.com/completed.svg,Sun Feb 09 2025-Tue Feb 11 2025,Himalayan College of Engineering,"{Ai, Web, Tech, Mobile Development, Engineering, Robotics, Community}",Rs 5000Team
Design Workshop 2025,https://www.nepvents.com/events/cm6qj0jgn0008d72lj649vt4a,https://www.nepvents.com/completed.svg,Sun Feb 09 2025-Thu Feb 13 2025,"DoECE, Pulchowk Campus","{Tech, Education, Free, Graphic Design, Community, Networking}",Free
Empowering Youth in IT Python Workshop,https://www.nepvents.com/events/cm6gibmig0004cf2kmgp9afli,https://www.nepvents.com/completed.svg,Sun Feb 09 2025-Sat Feb 15 2025,Online,"{Tech, Education, Online}",Affordable
"Nova Hacks III - Feature Article, 29K Non-Cash Prize",https://www.nepvents.com/events/cm6xl19ng0004d42ldrzx21ab,https://www.nepvents.com/completed.svg,Sun Feb 09 2025-Sat Mar 08 2025,Online,"{Tech, Environment, Sustainability, Online, Global, Community, Education}",Free
Git  Github Workshop,https://www.nepvents.com/events/cm6rqiw4h000ad72lmdyy3bb5,https://www.nepvents.com/completed.svg,Thu Feb 06 2025,Sagarmatha College of Science and Technology,"{Tech, Devops, Community, Education, Free, Online}",Free
Digital Jam,https://www.nepvents.com/events/cm6ruwwfk000ed72l7vlz8h19,https://www.nepvents.com/completed.svg,Tue Feb 04 2025-Fri Feb 28 2025,Online,"{Tech, Online, Global, Community}",Free
Web Scraping 101,https://www.nepvents.com/events/cm6kut27t000qcf2kfxvrv87s,https://www.nepvents.com/completed.svg,Tue Feb 04 2025-Wed Feb 05 2025,"DOECE 302, Pulchowk Campus","{Web, Tech, Free, Ai, Networking}",Free
Research Talk Shows - I,https://www.nepvents.com/events/cm6oqjnfa0000d72lgg6xytjl,https://www.nepvents.com/completed.svg,Tue Feb 04 2025-Wed Feb 05 2025,"ICTC Conference Hall, Pulchowk Campus","{Tech, Education, Local, Free}",Free
Research Paper Reading Session,https://www.nepvents.com/events/cm6jjltak000kcf2ke267hh00,https://www.nepvents.com/completed.svg,Mon Feb 03 2025,Online,"{Tech, Environment, Sustainability, Online, Free, Education}",Free
AWS GenAI Camp,https://www.nepvents.com/events/cm6hx85wx000gcf2kioqwy32h,https://www.nepvents.com/completed.svg,Sun Feb 02 2025,"Himalaya College of Engineering, Lalitpur","{Ai, Web, Tech, Devops, Community, Local, Education, Free}",Free
FutureForge,https://www.nepvents.com/events/cm6nkrtww000ycf2krdxyzwod,https://www.nepvents.com/completed.svg,Sat Feb 01 2025-Tue Feb 25 2025,Online,"{Health, Education, Global, Tech, Ai, Sustainability, Community, Online}",Free
MLX Hackathon,https://www.nepvents.com/events/cm6m55l41000scf2kq4v6pew4,https://www.nepvents.com/completed.svg,Sat Feb 01 2025-Wed Feb 26 2025,Online,"{Ai, Global, Online, Tech, Engineering}",Free
Data Science Bootcamp Orientation,https://www.nepvents.com/events/cm6kquteb000ocf2kirl9n3wn,https://www.nepvents.com/completed.svg,Sat Feb 01 2025,"Kanti Path, Kathmandu","{Education, Tech, Business, Networking, Online, Hybrid}",Free
"Research Workshop, IEEE Pulchowk Campus",https://www.nepvents.com/events/cm6gnhog4000acf2kz1cmc9c5,https://www.nepvents.com/completed.svg,Sat Feb 01 2025-Sun Feb 02 2025,Virtual,"{Education, Online, Tech, Community, Networking}",Free
Grand Hackathon DELTA 2025,https://www.nepvents.com/events/cm69gipdb0000gv5x4wum7c91,https://www.nepvents.com/completed.svg,Fri Jan 31 2025-Sun Feb 02 2025,"IOE, Purwanchal Campus","{Tech, Ai, Web, Engineering, Robotics, Community}",Rs 2500-3500Team
ROBO-THON,https://www.nepvents.com/events/cm69sygfa0000111h7a7596i9,https://www.nepvents.com/completed.svg,Fri Jan 31 2025-Sun Feb 02 2025,"IOE, Purwanchal Campus","{Engineering, Robotics, Tech}",Rs 2500Team
NTBNS Quiz Competition 2081,https://www.nepvents.com/events/cm6giz3qk0006cf2k5qou5fhv,https://www.nepvents.com/completed.svg,Wed Jan 29 2025,"Sagarmatha Engineering College, Sanepa, Lalitpur","{Tech, Education, Local, Free, Community}",Free
NTBNS Art Competition 2081,https://www.nepvents.com/events/cm6gkamp30008cf2kdu0q52am,https://www.nepvents.com/completed.svg,Wed Jan 29 2025,"Sagarmatha Engineering College, Sanepa, Lalitpur","{Art, Community, Local, Free}",Free
Yathartha Dataverse 2025,https://www.nepvents.com/events/cm6ci6mq40000hys4he9nkqj5,https://www.nepvents.com/completed.svg,Wed Jan 29 2025,IOE Thapathali Campus,"{Ai, Tech, Local, Community, Networking}",NPR 100 Per Team
Clash of Code,https://www.nepvents.com/events/cm5wt2pmb00023zh5kvm1049l,https://www.nepvents.com/completed.svg,Tue Jan 28 2025,"IOE Thapathali Campus, Thapathali","{Ai, Web, Tech, Engineering, Community, Networking}",Rs 100
Airavat Innovates,https://www.nepvents.com/events/cm6dkij0o0000cf2kuvb1c0mx,https://www.nepvents.com/completed.svg,Sun Jan 26 2025-Tue Jan 28 2025,Online,"{Ai, Web, Tech, Global, Online, Community}",Free
Build Your Own AI Chat Bot,https://www.nepvents.com/events/cm6c591510004fz2lhhijnq7s,https://www.nepvents.com/completed.svg,Sat Jan 25 2025-Fri Mar 14 2025,Online,"{Ai, Tech, Online, Global, Free}",Free
Maths Olympiad,https://www.nepvents.com/events/cm69f1cb900004yvq2yh2sex2,https://www.nepvents.com/completed.svg,Sat Jan 25 2025,"K.K. International School, Dharan","{Education, Physical, Local, Community}",Rs 100Team
Tech Students Meetup,https://www.nepvents.com/events/cm695pw080000yrsczmitmeyj,https://www.nepvents.com/completed.svg,Sat Jan 25 2025,"Uniglobe College, New Baneshwor","{Tech, Web, Devops, Ai, Engineering, Community}",Free
Full Stack Development Bootcamp,https://www.nepvents.com/events/cm6am2x84000014bvigmlb1dp,https://www.nepvents.com/completed.svg,Sat Jan 25 2025,"Above Mandala Book Point, Kanti Path, Kathmandu","{Web, Tech, Community, Education, Free, Hybrid}",Free
LOCUS 2025,https://www.nepvents.com/events/cm697ry7i000011s2c0fbktiv,https://www.nepvents.com/completed.svg,Fri Jan 24 2025-Sun Jan 26 2025,"Pulchowk Campus, Lalitpur","{Ai, Web, Tech, Mobile Development, Engineering, Community, Volunteering, Networking, Free}",Free
Financial Literacy Class,https://www.nepvents.com/events/cm69fmdw7000011x02aqxsuf2,https://www.nepvents.com/completed.svg,Fri Jan 24 2025,Sun Securities Pvt. Ltd,"{Community, Education, Business, Entrepreneurship, Pitching, Marketing}",Free
ReactJS Bootcamp,https://www.nepvents.com/events/cm5y3g6uz0002g6894ucinitv,https://www.nepvents.com/completed.svg,Thu Jan 23 2025-Sat Jan 25 2025,Online Zoom,"{Web, Tech, Online, Education}",Free
Live Session with Geshan Manandhar,https://www.nepvents.com/events/cm68uvgcb0000vffji5waojc3,https://www.nepvents.com/completed.svg,Thu Jan 23 2025,Google Meet,"{Web, Tech, Devops, Engineering}",Free
Master AI with LLMs  RAG Workshop,https://www.nepvents.com/events/cm63jmz0k0002nzlwmu5z9wc2,https://www.nepvents.com/completed.svg,Mon Jan 20 2025-Wed Jan 22 2025,Online,"{Ai, Online, Tech, Community, Free}",Free
Vault and Terraform for Absolute Beginners,https://www.nepvents.com/events/cm6hflr6u000ccf2kccaygqve,https://www.nepvents.com/completed.svg,Sat Jan 18 2025,"Sagarmatha College of Science and Technology, Sanepa, Lalitpur","{Tech, Devops, Education, Free}",Free
Umee gRPC Hackathon,https://www.nepvents.com/events/cm624zo850004in2li3xzffff,https://www.nepvents.com/completed.svg,Sat Jan 18 2025-Mon Jan 20 2025,Online,"{Tech, Devops, Online, Global}",Free
i-Hack,https://www.nepvents.com/events/cm60pjof60002in2lcbapejqa,https://www.nepvents.com/completed.svg,Fri Jan 17 2025-Thu Jan 23 2025,Online,"{Education, Tech, Online, Ai, Global, Free}",Free
IngeniumSTEM Winter Hacks 1.0,https://www.nepvents.com/events/cm62562720006in2lnoddy3s9,https://www.nepvents.com/completed.svg,Fri Jan 17 2025-Sun Mar 30 2025,Online,"{Ai, Web, Tech, Education, Sustainability, Online}",Free
Talk Series II Team Building  Collaboration,https://www.nepvents.com/events/cm5wsnpoa0002z044jl39dy1u,https://www.nepvents.com/completed.svg,Thu Jan 16 2025,"Embark College, Pulchowk, Lalitpur","{Community, Business, Networking, Startup, Free, Marketing, Pitching, Entrepreneurship}",Free
Workshop on AI  ML,https://www.nepvents.com/events/cm63o07x600025w707yfhpwg3,https://www.nepvents.com/completed.svg,Wed Jan 15 2025-Sat Jan 18 2025,"Pulchowk Campus, Embark College","{Ai, Tech, Free, Physical}",Free
Integration for AIGenAI Hackathon,https://www.nepvents.com/events/cm5xuo0g30000in2lhxc4raix,https://www.nepvents.com/completed.svg,Wed Jan 15 2025-Mon Feb 03 2025,Online,"{Ai, Tech, Online, Global}",Free
"Nosu AI Hackathon 11,300 prizes",https://www.nepvents.com/events/cm5tjjc62000ahyv8trm1rc6k,https://www.nepvents.com/completed.svg,Fri Jan 10 2025-Thu Jan 16 2025,Online,"{Ai, Tech, Online, Hybrid}",Free
Global Hack Week Beginners,https://www.nepvents.com/events/cm5tjjphx000ehyv86mkeisic,https://www.nepvents.com/completed.svg,Thu Jan 09 2025,Online,"{Tech, Community, Online}",Free
Iris Hacks II,https://www.nepvents.com/events/cm5tjj3qn0006hyv8z4rrzwag,https://www.nepvents.com/completed.svg,Thu Jan 09 2025-Mon Jan 13 2025,Online,"{Ai, Web, Tech, Education, Online, Global}",Free
Electroneum Hackathon 2025,https://www.nepvents.com/events/cm5tjirba0002hyv8wsa8p923,https://www.nepvents.com/completed.svg,Tue Jan 07 2025-Fri Mar 07 2025,Online,"{Blockchain, Tech, Online, Global}",Free
Learning Utsav,https://www.nepvents.com/events/cm5e7u7140005hpzl7hprai0p,https://www.nepvents.com/completed.svg,Wed Oct 02 2024-Sat Nov 02 2024,Virtual,"{Free, Online, Tech, Ai, Community}",Free
Leapfrog Frogtober Fest 2024,https://www.nepvents.com/events/cm5e7u6f90002hpzlw78j8yp6,https://www.nepvents.com/completed.svg,Tue Oct 01 2024-Thu Oct 31 2024,"St Xavier, Maitighar, Kathmandu","{Free, Online, Tech, Ai, Community, Web}",Free
